-- phpMyAdmin SQL Dump
-- version 5.1.1
-- https://www.phpmyadmin.net/
--
-- Servidor: 127.0.0.1:3306
-- Tiempo de generación: 23-03-2024 a las 16:19:50
-- Versión del servidor: 5.7.36
-- Versión de PHP: 7.4.26

SET SQL_MODE = "NO_AUTO_VALUE_ON_ZERO";
START TRANSACTION;
SET time_zone = "+00:00";


/*!40101 SET @OLD_CHARACTER_SET_CLIENT=@@CHARACTER_SET_CLIENT */;
/*!40101 SET @OLD_CHARACTER_SET_RESULTS=@@CHARACTER_SET_RESULTS */;
/*!40101 SET @OLD_COLLATION_CONNECTION=@@COLLATION_CONNECTION */;
/*!40101 SET NAMES utf8mb4 */;

DROP TABLE IF EXISTS apuestas;
DROP TABLE IF EXISTS apuestas_clasificacion;
DROP TABLE IF EXISTS partidos;
DROP TABLE IF EXISTS paises;
DROP TABLE IF EXISTS personas;

--
-- Base de datos: `mundial_qatar`
--

-- --------------------------------------------------------

--
-- Estructura de tabla para la tabla `apuestas`
--

DROP TABLE IF EXISTS `apuestas`;
CREATE TABLE IF NOT EXISTS `apuestas` (
  `id` int(4) NOT NULL AUTO_INCREMENT,
  `id_partido` int(4) NOT NULL,
  `id_persona` int(4) NOT NULL,
  `fecha` timestamp NOT NULL DEFAULT CURRENT_TIMESTAMP,
  `apuesta_1` varchar(300) NOT NULL,
  `apuesta_2` varchar(300) NOT NULL,
  `ganador` int(11) DEFAULT NULL,
  `puntuacion` int(4) DEFAULT NULL,
  PRIMARY KEY (`id`),
  KEY `apuesta_persona_fk` (`id_persona`),
  KEY `apuesta_partido_fk` (`id_partido`)
) ENGINE=InnoDB AUTO_INCREMENT=1080 DEFAULT CHARSET=utf8mb4;

--
-- Volcado de datos para la tabla `apuestas`
--

INSERT INTO `apuestas` (`id`, `id_partido`, `id_persona`, `fecha`, `apuesta_1`, `apuesta_2`, `ganador`, `puntuacion`) VALUES
(1, 1, 1, '2022-11-19 11:14:23', '1', '0', NULL, 0),
(2, 1, 3, '2022-11-19 13:38:43', '2', '2', NULL, 1),
(3, 2, 3, '2022-11-19 13:38:52', '4', '2', NULL, 2),
(4, 3, 3, '2022-11-19 13:39:00', '3', '2', NULL, 1),
(5, 4, 3, '2022-11-19 13:39:10', '0', '2', NULL, 0),
(6, 5, 3, '2022-11-19 13:39:23', '3', '1', NULL, 0),
(7, 6, 3, '2022-11-19 13:39:36', '2', '0', NULL, 1),
(8, 7, 3, '2022-11-19 13:39:42', '1', '2', NULL, 0),
(9, 8, 3, '2022-11-19 13:39:53', '4', '1', NULL, 3),
(10, 1, 5, '2022-11-19 13:42:58', '1', '2', NULL, 2),
(11, 2, 5, '2022-11-19 13:43:07', '3', '1', NULL, 1),
(12, 3, 5, '2022-11-19 13:43:15', '2', '2', NULL, 1),
(13, 4, 5, '2022-11-19 13:43:22', '1', '2', NULL, 1),
(14, 5, 5, '2022-11-19 13:43:29', '3', '0', NULL, 0),
(15, 6, 5, '2022-11-19 13:43:35', '2', '1', NULL, 0),
(16, 7, 5, '2022-11-19 13:43:42', '2', '3', NULL, 0),
(17, 8, 5, '2022-11-19 13:43:48', '3', '1', NULL, 2),
(18, 9, 5, '2022-11-19 13:43:55', '0', '2', NULL, 1),
(19, 10, 5, '2022-11-19 13:44:14', '2', '1', NULL, 0),
(20, 11, 5, '2022-11-19 13:44:21', '3', '0', NULL, 2),
(21, 12, 5, '2022-11-19 13:44:26', '2', '1', NULL, 1),
(22, 13, 5, '2022-11-19 13:44:32', '1', '0', NULL, 3),
(23, 14, 5, '2022-11-19 13:44:38', '3', '0', NULL, 1),
(24, 15, 5, '2022-11-19 13:44:46', '2', '0', NULL, 1),
(25, 16, 5, '2022-11-19 13:44:54', '3', '1', NULL, 1),
(26, 17, 5, '2022-11-19 13:45:01', '2', '1', NULL, 0),
(27, 18, 5, '2022-11-19 13:45:07', '0', '2', NULL, 1),
(28, 19, 5, '2022-11-19 13:45:16', '2', '1', NULL, 1),
(29, 20, 5, '2022-11-19 13:45:21', '3', '1', NULL, 0),
(30, 21, 5, '2022-11-19 13:45:29', '2', '2', NULL, 0),
(31, 22, 5, '2022-11-19 13:45:40', '2', '0', NULL, 3),
(32, 23, 5, '2022-11-19 13:45:47', '2', '1', NULL, 3),
(33, 24, 5, '2022-11-19 13:45:53', '2', '1', NULL, 2),
(34, 25, 5, '2022-11-19 13:45:59', '1', '1', NULL, 1),
(35, 26, 5, '2022-11-19 13:46:04', '2', '0', NULL, 0),
(36, 27, 5, '2022-11-19 13:46:10', '2', '1', NULL, 2),
(37, 28, 5, '2022-11-19 13:46:16', '2', '1', NULL, 1),
(38, 29, 5, '2022-11-19 13:46:24', '2', '1', NULL, 0),
(39, 30, 5, '2022-11-19 13:46:31', '1', '2', NULL, 1),
(40, 31, 5, '2022-11-19 13:46:38', '2', '1', NULL, 1),
(41, 32, 5, '2022-11-19 13:46:47', '2', '2', NULL, 1),
(42, 33, 5, '2022-11-19 13:46:53', '2', '0', NULL, 3),
(43, 34, 5, '2022-11-19 13:46:59', '1', '2', NULL, 3),
(44, 35, 5, '2022-11-19 13:47:06', '1', '1', NULL, 1),
(45, 36, 5, '2022-11-19 13:47:13', '1', '2', NULL, 1),
(46, 37, 5, '2022-11-19 13:47:21', '1', '1', NULL, 1),
(47, 38, 5, '2022-11-19 13:47:27', '1', '3', NULL, 1),
(48, 39, 5, '2022-11-19 13:47:32', '2', '4', NULL, 1),
(49, 40, 5, '2022-11-19 13:47:39', '0', '2', NULL, 2),
(50, 41, 5, '2022-11-19 13:47:44', '2', '2', NULL, NULL),
(51, 42, 5, '2022-11-19 13:47:51', '3', '1', NULL, NULL),
(52, 43, 5, '2022-11-19 13:47:59', '0', '2', NULL, NULL),
(53, 44, 5, '2022-11-19 13:48:05', '3', '1', NULL, NULL),
(54, 45, 5, '2022-11-19 13:48:10', '2', '3', NULL, NULL),
(55, 46, 5, '2022-11-19 13:48:16', '0', '2', NULL, NULL),
(56, 47, 5, '2022-11-19 13:48:22', '1', '2', NULL, NULL),
(57, 48, 5, '2022-11-19 13:48:29', '1', '3', NULL, NULL),
(58, 11, 8, '2022-11-19 14:22:00', '1', '0', NULL, 2),
(59, 10, 8, '2022-11-19 14:23:46', '2', '0', NULL, 0),
(60, 1, 8, '2022-11-19 14:49:57', '1', '1', NULL, 0),
(61, 2, 8, '2022-11-19 14:50:03', '3', '1', NULL, 1),
(62, 3, 8, '2022-11-19 14:50:11', '2', '2', NULL, 1),
(63, 4, 8, '2022-11-19 14:50:19', '0', '1', NULL, 1),
(64, 5, 8, '2022-11-19 14:50:26', '4', '0', NULL, 0),
(65, 1, 9, '2022-11-19 15:02:27', '1', '0', NULL, 0),
(66, 3, 9, '2022-11-19 15:02:39', '1', '3', NULL, 1),
(67, 2, 9, '2022-11-19 15:02:48', '2', '0', NULL, 1),
(68, 4, 9, '2022-11-19 15:02:59', '1', '1', NULL, 3),
(69, 18, 9, '2022-11-19 15:03:14', '0', '0', NULL, 0),
(70, 7, 9, '2022-11-19 15:03:23', '1', '0', NULL, 1),
(71, 15, 9, '2022-11-19 15:03:31', '3', '0', NULL, 2),
(72, 22, 9, '2022-11-19 15:03:39', '2', '0', NULL, 3),
(73, 20, 9, '2022-11-19 15:03:46', '1', '0', NULL, 1),
(74, 32, 9, '2022-11-19 15:03:54', '1', '1', NULL, 0),
(75, 36, 9, '2022-11-19 15:04:01', '0', '1', NULL, 3),
(76, 43, 9, '2022-11-19 15:04:08', '0', '1', NULL, NULL),
(77, 11, 9, '2022-11-19 15:04:15', '1', '0', NULL, 2),
(78, 14, 9, '2022-11-19 15:04:21', '1', '0', NULL, 1),
(79, 5, 9, '2022-11-19 15:04:27', '5', '0', NULL, 0),
(80, 12, 9, '2022-11-19 15:04:37', '3', '0', NULL, 2),
(81, 45, 9, '2022-11-19 15:04:46', '1', '1', NULL, NULL),
(82, 40, 9, '2022-11-19 15:04:54', '0', '0', NULL, 0),
(83, 48, 9, '2022-11-19 15:05:04', '0', '4', NULL, NULL),
(84, 39, 9, '2022-11-19 15:05:14', '1', '3', NULL, 1),
(85, 38, 9, '2022-11-19 15:05:22', '0', '3', NULL, 0),
(86, 30, 9, '2022-11-19 15:05:30', '1', '2', NULL, 1),
(87, 17, 9, '2022-11-19 15:05:38', '1', '0', NULL, 0),
(88, 13, 9, '2022-11-19 15:05:47', '1', '2', NULL, 1),
(89, 6, 9, '2022-11-19 15:05:55', '1', '0', NULL, 1),
(90, 9, 9, '2022-11-19 15:06:06', '1', '0', NULL, 1),
(91, 10, 9, '2022-11-19 15:06:15', '3', '1', NULL, 0),
(92, 8, 9, '2022-11-19 15:06:24', '4', '0', NULL, 2),
(93, 16, 9, '2022-11-19 15:06:31', '4', '0', NULL, 2),
(94, 19, 9, '2022-11-19 15:06:38', '3', '1', NULL, 1),
(95, 21, 9, '2022-11-19 15:06:46', '0', '1', NULL, 3),
(96, 24, 9, '2022-11-19 15:06:56', '3', '1', NULL, 1),
(97, 33, 9, '2022-11-19 15:07:06', '3', '0', NULL, 2),
(98, 28, 9, '2022-11-19 15:07:12', '1', '1', NULL, 3),
(99, 26, 9, '2022-11-19 15:07:19', '2', '1', NULL, 0),
(100, 27, 9, '2022-11-19 15:07:26', '1', '1', NULL, 1),
(101, 25, 9, '2022-11-19 15:07:33', '1', '0', NULL, 0),
(102, 34, 9, '2022-11-19 15:07:44', '1', '0', NULL, 1),
(103, 29, 9, '2022-11-19 15:07:50', '1', '0', NULL, 0),
(104, 31, 9, '2022-11-19 15:07:56', '2', '0', NULL, 2),
(105, 35, 9, '2022-11-19 15:08:03', '0', '1', NULL, 1),
(106, 23, 9, '2022-11-19 15:08:10', '3', '1', NULL, 2),
(107, 41, 9, '2022-11-19 15:08:18', '1', '1', NULL, NULL),
(108, 42, 9, '2022-11-19 15:08:24', '1', '2', NULL, NULL),
(109, 37, 9, '2022-11-19 15:08:30', '1', '0', NULL, 3),
(110, 46, 9, '2022-11-19 15:08:37', '1', '3', NULL, NULL),
(111, 47, 9, '2022-11-19 15:08:43', '1', '0', NULL, NULL),
(112, 1, 10, '2022-11-19 15:29:56', '1', '2', NULL, 2),
(113, 1, 13, '2022-11-19 20:36:58', '1', '2', NULL, 2),
(114, 2, 13, '2022-11-19 20:37:13', '3', '2', NULL, 2),
(115, 3, 13, '2022-11-19 20:37:28', '2', '1', NULL, 0),
(116, 11, 13, '2022-11-19 20:37:45', '2', '1', NULL, 1),
(117, 4, 13, '2022-11-19 20:38:48', '2', '2', NULL, 1),
(118, 1, 2, '2022-11-19 20:41:29', '1', '0', NULL, 0),
(119, 1, 4, '2022-11-19 20:51:16', '2', '1', NULL, 0),
(120, 1, 15, '2022-11-19 20:51:47', '0', '2', NULL, 3),
(121, 1, 16, '2022-11-19 21:23:10', '1', '2', NULL, 2),
(122, 2, 16, '2022-11-19 21:23:21', '3', '0', NULL, 1),
(123, 1, 17, '2022-11-19 21:24:09', '2', '2', NULL, 1),
(124, 2, 17, '2022-11-19 21:24:22', '2', '0', NULL, 1),
(125, 1, 19, '2022-11-19 22:15:46', '2', '1', NULL, 0),
(126, 2, 19, '2022-11-19 22:16:11', '3', '0', NULL, 1),
(127, 3, 19, '2022-11-19 22:16:35', '2', '2', NULL, 1),
(128, 4, 19, '2022-11-19 22:17:00', '3', '1', NULL, 1),
(129, 5, 19, '2022-11-19 22:17:24', '4', '0', NULL, 0),
(130, 6, 19, '2022-11-19 22:17:52', '3', '1', NULL, 0),
(131, 6, 19, '2022-11-19 22:17:53', '3', '1', NULL, 0),
(132, 7, 19, '2022-11-19 22:18:08', '2', '2', NULL, 1),
(133, 8, 19, '2022-11-19 22:18:51', '2', '3', NULL, 0),
(134, 1, 21, '2022-11-19 23:29:06', '2', '1', NULL, 0),
(135, 1, 20, '2022-11-20 09:05:59', '1', '2', NULL, 2),
(136, 1, 22, '2022-11-20 11:32:40', '1', '2', NULL, 2),
(137, 3, 22, '2022-11-20 11:32:52', '1', '2', NULL, 2),
(138, 4, 22, '2022-11-20 11:33:04', '2', '0', NULL, 0),
(139, 2, 22, '2022-11-20 11:33:15', '3', '0', NULL, 1),
(140, 5, 22, '2022-11-20 11:33:26', '4', '0', NULL, 0),
(141, 6, 22, '2022-11-20 11:33:40', '2', '1', NULL, 0),
(142, 7, 22, '2022-11-20 11:33:53', '1', '1', NULL, 1),
(143, 8, 22, '2022-11-20 11:34:04', '2', '0', NULL, 1),
(144, 9, 22, '2022-11-20 11:34:14', '1', '2', NULL, 0),
(145, 10, 22, '2022-11-20 11:34:24', '2', '1', NULL, 0),
(146, 11, 22, '2022-11-20 11:34:35', '3', '0', NULL, 2),
(147, 12, 22, '2022-11-20 11:34:43', '3', '0', NULL, 2),
(148, 13, 22, '2022-11-20 11:34:51', '0', '0', NULL, 1),
(149, 6, 8, '2022-11-20 12:50:21', '2', '0', NULL, 1),
(150, 7, 8, '2022-11-20 12:51:38', '1', '1', NULL, 1),
(151, 8, 8, '2022-11-20 12:51:50', '3', '0', NULL, 1),
(152, 9, 8, '2022-11-20 12:51:57', '0', '2', NULL, 1),
(153, 1, 25, '2022-11-20 12:52:18', '1', '2', NULL, 2),
(154, 2, 25, '2022-11-20 12:52:30', '4', '1', NULL, 1),
(155, 3, 25, '2022-11-20 12:52:41', '3', '3', NULL, 0),
(156, 4, 25, '2022-11-20 12:52:48', '2', '2', NULL, 1),
(157, 1, 6, '2022-11-20 13:00:25', '0', '2', NULL, 3),
(158, 1, 26, '2022-11-20 13:07:31', '3', '1', NULL, 0),
(159, 1, 28, '2022-11-20 13:56:44', '1', '2', NULL, 2),
(160, 1, 29, '2022-11-20 14:11:21', '1', '2', NULL, 2),
(161, 2, 29, '2022-11-20 14:11:31', '2', '0', NULL, 1),
(162, 3, 29, '2022-11-20 14:11:49', '1', '1', NULL, 0),
(163, 4, 29, '2022-11-20 14:12:02', '1', '2', NULL, 1),
(164, 1, 30, '2022-11-20 14:38:26', '3', '1', NULL, 0),
(165, 2, 21, '2022-11-20 14:40:57', '4', '1', NULL, 1),
(166, 3, 21, '2022-11-20 14:41:07', '1', '2', NULL, 2),
(167, 4, 21, '2022-11-20 14:41:15', '2', '2', NULL, 1),
(168, 5, 21, '2022-11-20 14:41:41', '4', '0', NULL, 0),
(169, 6, 21, '2022-11-20 14:42:23', '3', '2', NULL, 0),
(170, 7, 21, '2022-11-20 14:42:29', '2', '2', NULL, 1),
(171, 8, 21, '2022-11-20 14:42:39', '3', '0', NULL, 1),
(172, 9, 21, '2022-11-20 14:42:46', '1', '1', NULL, 1),
(173, 10, 21, '2022-11-20 14:42:57', '3', '1', NULL, 0),
(174, 11, 21, '2022-11-20 14:43:03', '3', '1', NULL, 1),
(175, 1, 32, '2022-11-20 15:07:03', '1', '3', NULL, 1),
(176, 2, 32, '2022-11-20 15:07:15', '3', '0', NULL, 1),
(177, 3, 32, '2022-11-20 15:07:27', '1', '2', NULL, 2),
(178, 4, 32, '2022-11-20 15:07:35', '1', '2', NULL, 1),
(179, 5, 32, '2022-11-20 15:07:46', '5', '0', NULL, 0),
(180, 6, 32, '2022-11-20 15:07:58', '3', '0', NULL, 1),
(181, 7, 32, '2022-11-20 15:08:05', '1', '1', NULL, 1),
(182, 8, 32, '2022-11-20 15:08:13', '2', '1', NULL, 2),
(183, 9, 32, '2022-11-20 15:08:31', '1', '0', NULL, 1),
(184, 10, 32, '2022-11-20 15:08:41', '3', '0', NULL, 0),
(185, 11, 32, '2022-11-20 15:08:55', '2', '0', NULL, 2),
(186, 1, 12, '2022-11-20 15:10:55', '0', '2', NULL, 3),
(187, 2, 12, '2022-11-20 15:11:05', '3', '0', NULL, 1),
(188, 12, 32, '2022-11-20 15:13:30', '1', '1', NULL, 1),
(189, 2, 2, '2022-11-20 15:13:32', '2', '0', NULL, 1),
(190, 13, 32, '2022-11-20 15:13:58', '0', '0', NULL, 1),
(191, 14, 32, '2022-11-20 15:14:08', '2', '0', NULL, 1),
(192, 15, 32, '2022-11-20 15:14:20', '3', '0', NULL, 2),
(193, 22, 32, '2022-11-20 15:14:30', '2', '0', NULL, 3),
(194, 20, 32, '2022-11-20 15:14:40', '2', '1', NULL, 0),
(195, 17, 32, '2022-11-20 15:14:51', '2', '0', NULL, 0),
(196, 1, 27, '2022-11-20 15:27:17', '2', '0', NULL, 0),
(197, 1, 31, '2022-11-20 15:27:17', '1', '2', NULL, 2),
(198, 2, 33, '2022-11-20 16:36:13', '3', '0', NULL, 1),
(199, 3, 33, '2022-11-20 16:36:32', '1', '2', NULL, 2),
(200, 16, 32, '2022-11-20 16:51:24', '2', '1', NULL, 2),
(201, 18, 32, '2022-11-20 16:51:35', '1', '1', NULL, 1),
(202, 19, 32, '2022-11-20 16:51:45', '2', '2', NULL, 1),
(203, 21, 32, '2022-11-20 16:51:55', '1', '2', NULL, 1),
(204, 23, 32, '2022-11-20 16:52:04', '2', '1', NULL, 3),
(205, 24, 32, '2022-11-20 16:52:41', '2', '0', NULL, 3),
(206, 25, 32, '2022-11-20 16:52:50', '1', '1', NULL, 1),
(207, 26, 32, '2022-11-20 16:52:59', '1', '0', NULL, 0),
(208, 27, 32, '2022-11-20 16:53:07', '2', '1', NULL, 2),
(209, 28, 32, '2022-11-20 16:53:23', '3', '1', NULL, 1),
(210, 29, 32, '2022-11-20 16:53:33', '0', '1', NULL, 0),
(211, 30, 32, '2022-11-20 16:53:42', '2', '0', NULL, 1),
(212, 31, 32, '2022-11-20 16:53:54', '3', '0', NULL, 2),
(213, 32, 32, '2022-11-20 16:54:27', '0', '1', NULL, 0),
(214, 33, 32, '2022-11-20 16:54:37', '1', '0', NULL, 2),
(215, 34, 32, '2022-11-20 16:54:59', '2', '1', NULL, 0),
(216, 35, 32, '2022-11-20 16:55:10', '1', '2', NULL, 0),
(217, 37, 32, '2022-11-20 16:55:20', '0', '0', NULL, 1),
(218, 36, 32, '2022-11-20 16:55:28', '0', '2', NULL, 2),
(219, 38, 32, '2022-11-20 16:55:37', '0', '3', NULL, 0),
(220, 39, 32, '2022-11-20 16:56:03', '1', '2', NULL, 2),
(221, 40, 32, '2022-11-20 16:56:21', '1', '2', NULL, 3),
(223, 41, 32, '2022-11-20 16:56:45', '0', '0', NULL, NULL),
(224, 42, 32, '2022-11-20 16:56:55', '1', '0', NULL, NULL),
(225, 43, 32, '2022-11-20 16:57:04', '0', '3', NULL, NULL),
(226, 44, 32, '2022-11-20 16:57:24', '4', '1', NULL, NULL),
(227, 45, 32, '2022-11-20 16:57:34', '0', '2', NULL, NULL),
(228, 46, 32, '2022-11-20 16:57:55', '1', '1', NULL, NULL),
(229, 47, 32, '2022-11-20 16:58:02', '2', '1', NULL, NULL),
(230, 48, 32, '2022-11-20 16:58:30', '0', '4', NULL, NULL),
(231, 3, 16, '2022-11-20 17:42:23', '0', '5', NULL, 2),
(232, 2, 15, '2022-11-20 18:53:22', '3', '0', NULL, 1),
(233, 3, 15, '2022-11-20 18:53:47', '0', '3', NULL, 2),
(234, 2, 4, '2022-11-20 22:28:39', '3', '1', NULL, 1),
(235, 3, 4, '2022-11-20 22:29:00', '0', '3', NULL, 2),
(236, 3, 17, '2022-11-21 11:00:56', '0', '2', NULL, 3),
(237, 4, 17, '2022-11-21 11:01:07', '2', '1', NULL, 1),
(238, 5, 17, '2022-11-21 11:01:21', '4', '0', NULL, 0),
(239, 6, 17, '2022-11-21 11:01:47', '2', '1', NULL, 0),
(240, 7, 17, '2022-11-21 11:01:57', '2', '2', NULL, 1),
(241, 4, 16, '2022-11-21 11:12:33', '2', '1', NULL, 1),
(242, 5, 16, '2022-11-21 11:12:42', '5', '0', NULL, 0),
(243, 2, 1, '2022-11-21 12:24:38', '2', '0', NULL, 1),
(244, 3, 1, '2022-11-21 12:24:59', '1', '2', NULL, 2),
(245, 4, 1, '2022-11-21 12:25:08', '0', '2', NULL, 0),
(246, 2, 31, '2022-11-21 12:36:23', '3', '1', NULL, 1),
(247, 3, 31, '2022-11-21 12:36:23', '1', '2', NULL, 2),
(248, 4, 31, '2022-11-21 12:36:23', '0', '2', NULL, 0),
(249, 4, 4, '2022-11-21 12:46:45', '1', '1', NULL, 3),
(250, 3, 12, '2022-11-21 12:53:46', '1', '2', NULL, 2),
(251, 4, 12, '2022-11-21 12:53:55', '2', '1', NULL, 1),
(252, 3, 30, '2022-11-21 13:53:07', '1', '2', NULL, 2),
(253, 4, 30, '2022-11-21 13:53:20', '2', '0', NULL, 0),
(254, 5, 30, '2022-11-21 13:53:35', '2', '1', NULL, 0),
(255, 6, 30, '2022-11-21 13:54:54', '2', '1', NULL, 0),
(256, 8, 30, '2022-11-21 13:55:07', '2', '0', NULL, 1),
(257, 7, 30, '2022-11-21 13:55:17', '1', '0', NULL, 1),
(258, 9, 30, '2022-11-21 13:55:34', '0', '1', NULL, 1),
(259, 10, 30, '2022-11-21 13:55:45', '1', '1', NULL, 1),
(260, 11, 30, '2022-11-21 13:55:59', '2', '0', NULL, 2),
(261, 12, 30, '2022-11-21 13:56:08', '0', '1', NULL, 0),
(262, 5, 12, '2022-11-21 14:31:22', '4', '0', NULL, 0),
(263, 4, 15, '2022-11-21 14:44:37', '1', '1', NULL, 3),
(267, 3, 2, '2022-11-21 16:14:42', '0', '2', NULL, 3),
(268, 4, 20, '2022-11-21 17:27:50', '2', '0', NULL, 0),
(269, 4, 2, '2022-11-21 18:07:57', '2', '1', NULL, 1),
(270, 6, 12, '2022-11-21 19:27:10', '3', '0', NULL, 1),
(271, 7, 12, '2022-11-21 19:27:28', '1', '1', NULL, 1),
(272, 8, 12, '2022-11-21 19:27:41', '3', '0', NULL, 1),
(273, 5, 15, '2022-11-21 19:28:51', '3', '1', NULL, 0),
(274, 6, 15, '2022-11-21 19:30:53', '2', '0', NULL, 1),
(275, 7, 15, '2022-11-21 19:31:09', '1', '2', NULL, 0),
(276, 8, 15, '2022-11-21 19:31:40', '4', '0', NULL, 2),
(277, 5, 20, '2022-11-21 19:32:51', '2', '0', NULL, 0),
(278, 6, 20, '2022-11-21 19:33:21', '2', '0', NULL, 1),
(279, 7, 20, '2022-11-21 19:34:02', '1', '1', NULL, 1),
(280, 8, 20, '2022-11-21 19:34:33', '2', '0', NULL, 1),
(281, 6, 16, '2022-11-21 20:53:54', '3', '1', NULL, 0),
(282, 7, 16, '2022-11-21 20:54:02', '2', '0', NULL, 1),
(283, 8, 16, '2022-11-21 20:54:09', '2', '1', NULL, 2),
(284, 5, 4, '2022-11-21 21:45:05', '4', '0', NULL, 0),
(285, 6, 4, '2022-11-21 21:45:16', '3', '1', NULL, 0),
(286, 7, 4, '2022-11-21 21:45:30', '2', '4', NULL, 0),
(287, 5, 29, '2022-11-21 22:08:43', '3', '0', NULL, 0),
(288, 5, 1, '2022-11-21 23:34:45', '3', '0', NULL, 0),
(289, 6, 1, '2022-11-22 01:24:30', '1', '0', NULL, 1),
(290, 5, 2, '2022-11-22 07:24:58', '3', '0', NULL, 0),
(291, 8, 4, '2022-11-22 09:31:55', '3', '0', NULL, 1),
(292, 6, 29, '2022-11-22 10:01:12', '0', '1', NULL, 1),
(293, 7, 1, '2022-11-22 10:44:21', '1', '1', NULL, 1),
(294, 8, 17, '2022-11-22 10:54:53', '2', '1', NULL, 2),
(295, 9, 17, '2022-11-22 10:55:00', '2', '5', NULL, 0),
(296, 10, 17, '2022-11-22 10:55:35', '2', '0', NULL, 0),
(297, 11, 17, '2022-11-22 10:55:42', '2', '1', NULL, 1),
(298, 12, 17, '2022-11-22 10:55:57', '3', '1', NULL, 1),
(299, 13, 17, '2022-11-22 10:56:14', '2', '1', NULL, 1),
(300, 14, 17, '2022-11-22 10:56:34', '3', '1', NULL, 0),
(301, 15, 17, '2022-11-22 10:56:44', '3', '2', NULL, 3),
(302, 16, 17, '2022-11-22 10:57:02', '3', '1', NULL, 1),
(303, 6, 2, '2022-11-22 12:15:59', '2', '1', NULL, 0),
(304, 6, 36, '2022-11-22 12:52:10', '2', '1', NULL, 0),
(305, 7, 36, '2022-11-22 12:52:20', '2', '0', NULL, 1),
(306, 8, 36, '2022-11-22 12:52:28', '2', '2', NULL, 0),
(307, 9, 36, '2022-11-22 12:52:35', '0', '2', NULL, 1),
(308, 10, 36, '2022-11-22 12:52:43', '3', '1', NULL, 0),
(309, 9, 15, '2022-11-22 13:45:32', '0', '2', NULL, 1),
(310, 10, 15, '2022-11-22 13:46:16', '3', '0', NULL, 0),
(311, 11, 15, '2022-11-22 13:48:21', '0', '0', NULL, 1),
(312, 7, 2, '2022-11-22 15:14:55', '0', '1', NULL, 1),
(313, 8, 2, '2022-11-22 15:21:13', '2', '1', NULL, 2),
(314, 9, 12, '2022-11-22 15:44:54', '1', '2', NULL, 0),
(315, 10, 12, '2022-11-22 15:45:04', '2', '0', NULL, 0),
(316, 11, 12, '2022-11-22 15:45:24', '2', '1', NULL, 1),
(317, 12, 12, '2022-11-22 15:45:39', '1', '0', NULL, 3),
(318, 13, 30, '2022-11-22 16:34:20', '1', '0', NULL, 3),
(319, 15, 30, '2022-11-22 16:34:31', '1', '1', NULL, 0),
(320, 16, 30, '2022-11-22 16:34:38', '2', '1', NULL, 2),
(321, 17, 30, '2022-11-22 16:34:45', '0', '0', NULL, 1),
(322, 14, 30, '2022-11-22 16:34:52', '1', '0', NULL, 1),
(323, 18, 30, '2022-11-22 16:35:02', '0', '1', NULL, 1),
(324, 19, 30, '2022-11-22 16:35:10', '0', '1', NULL, 1),
(325, 20, 30, '2022-11-22 16:35:21', '1', '1', NULL, 1),
(326, 9, 16, '2022-11-22 16:37:08', '0', '2', NULL, 1),
(327, 8, 25, '2022-11-22 18:04:20', '5', '2', NULL, 1),
(328, 9, 25, '2022-11-22 18:04:30', '1', '3', NULL, 0),
(329, 10, 25, '2022-11-22 18:04:37', '2', '2', NULL, 1),
(330, 11, 25, '2022-11-22 18:04:44', '4', '1', NULL, 1),
(331, 12, 25, '2022-11-22 18:04:56', '3', '2', NULL, 1),
(332, 12, 21, '2022-11-22 19:54:27', '2', '0', NULL, 2),
(333, 9, 20, '2022-11-22 20:42:08', '0', '1', NULL, 1),
(334, 10, 20, '2022-11-22 20:42:27', '2', '0', NULL, 0),
(335, 11, 20, '2022-11-22 20:42:47', '3', '0', NULL, 2),
(336, 12, 15, '2022-11-22 20:42:56', '3', '0', NULL, 2),
(337, 9, 29, '2022-11-22 20:43:03', '0', '2', NULL, 1),
(338, 12, 20, '2022-11-22 20:43:06', '2', '1', NULL, 1),
(339, 10, 29, '2022-11-22 20:43:58', '2', '0', NULL, 0),
(340, 11, 29, '2022-11-22 20:44:10', '3', '1', NULL, 1),
(341, 12, 29, '2022-11-22 20:44:38', '2', '2', NULL, 0),
(342, 10, 16, '2022-11-22 20:55:00', '2', '0', NULL, 0),
(343, 8, 1, '2022-11-22 20:56:20', '2', '1', NULL, 2),
(344, 9, 1, '2022-11-22 20:59:14', '2', '2', NULL, 1),
(345, 10, 1, '2022-11-22 20:59:22', '3', '1', NULL, 0),
(346, 11, 1, '2022-11-22 20:59:29', '3', '1', NULL, 1),
(347, 12, 1, '2022-11-22 20:59:44', '2', '0', NULL, 2),
(348, 9, 19, '2022-11-22 21:11:08', '0', '2', NULL, 1),
(349, 10, 19, '2022-11-22 21:11:19', '4', '1', NULL, 0),
(350, 11, 19, '2022-11-22 21:11:31', '3', '2', NULL, 1),
(351, 12, 19, '2022-11-22 21:11:40', '1', '1', NULL, 1),
(352, 13, 19, '2022-11-22 21:11:52', '0', '2', NULL, 0),
(353, 9, 11, '2022-11-22 21:17:27', '2', '1', NULL, 0),
(354, 10, 11, '2022-11-22 21:17:37', '3', '1', NULL, 0),
(355, 11, 11, '2022-11-22 21:17:46', '2', '1', NULL, 1),
(356, 12, 11, '2022-11-22 21:17:54', '2', '0', NULL, 2),
(357, 13, 11, '2022-11-22 21:18:01', '2', '2', NULL, 0),
(358, 14, 11, '2022-11-22 21:18:12', '2', '0', NULL, 1),
(359, 15, 11, '2022-11-22 21:18:20', '2', '0', NULL, 1),
(360, 17, 11, '2022-11-22 21:18:35', '2', '1', NULL, 0),
(361, 16, 11, '2022-11-22 21:18:50', '3', '1', NULL, 1),
(362, 18, 11, '2022-11-22 21:19:06', '1', '1', NULL, 1),
(363, 19, 11, '2022-11-22 21:19:18', '0', '2', NULL, 0),
(364, 20, 11, '2022-11-22 21:19:27', '2', '1', NULL, 0),
(365, 21, 11, '2022-11-22 21:19:36', '1', '2', NULL, 1),
(366, 22, 11, '2022-11-22 21:19:55', '2', '1', NULL, 2),
(367, 23, 11, '2022-11-22 21:20:29', '2', '0', NULL, 2),
(368, 24, 11, '2022-11-22 21:20:43', '3', '2', NULL, 1),
(369, 25, 11, '2022-11-22 21:20:53', '2', '0', NULL, 0),
(370, 26, 11, '2022-11-22 21:21:51', '3', '0', NULL, 0),
(371, 27, 11, '2022-11-22 21:22:12', '2', '1', NULL, 2),
(372, 28, 11, '2022-11-22 21:22:42', '1', '0', NULL, 1),
(373, 29, 11, '2022-11-22 21:23:08', '0', '2', NULL, 0),
(374, 30, 11, '2022-11-22 21:23:27', '3', '0', NULL, 0),
(375, 31, 11, '2022-11-22 21:23:46', '2', '0', NULL, 2),
(376, 32, 11, '2022-11-22 21:24:07', '1', '2', NULL, 0),
(377, 33, 11, '2022-11-22 21:24:31', '2', '0', NULL, 3),
(378, 34, 11, '2022-11-22 21:24:47', '3', '0', NULL, 0),
(379, 35, 11, '2022-11-22 21:25:00', '1', '3', NULL, 0),
(380, 36, 11, '2022-11-22 21:25:14', '0', '3', NULL, 2),
(381, 37, 11, '2022-11-22 21:25:30', '0', '1', NULL, 0),
(382, 38, 11, '2022-11-22 21:25:46', '0', '4', NULL, 0),
(383, 39, 11, '2022-11-22 21:26:01', '1', '2', NULL, 2),
(384, 40, 11, '2022-11-22 21:26:23', '1', '2', NULL, 3),
(385, 41, 11, '2022-11-22 21:26:39', '0', '2', NULL, NULL),
(386, 42, 11, '2022-11-22 21:26:50', '1', '1', NULL, NULL),
(387, 43, 11, '2022-11-22 21:27:14', '1', '2', NULL, NULL),
(388, 44, 11, '2022-11-22 21:27:25', '2', '0', NULL, NULL),
(389, 45, 11, '2022-11-22 21:27:39', '0', '3', NULL, NULL),
(390, 46, 11, '2022-11-22 21:27:55', '0', '2', NULL, NULL),
(391, 47, 11, '2022-11-22 21:28:14', '1', '2', NULL, NULL),
(392, 48, 11, '2022-11-22 21:28:28', '0', '3', NULL, NULL),
(393, 9, 3, '2022-11-22 21:41:30', '1', '3', NULL, 0),
(394, 10, 3, '2022-11-22 21:41:51', '3', '2', NULL, 1),
(395, 11, 3, '2022-11-22 21:42:17', '3', '1', NULL, 1),
(396, 12, 3, '2022-11-22 21:42:29', '3', '0', NULL, 2),
(397, 9, 4, '2022-11-23 08:08:39', '0', '2', NULL, 1),
(398, 10, 4, '2022-11-23 08:08:47', '3', '0', NULL, 0),
(399, 11, 4, '2022-11-23 08:08:55', '3', '1', NULL, 1),
(400, 12, 4, '2022-11-23 08:09:02', '2', '0', NULL, 2),
(401, 11, 16, '2022-11-23 09:57:49', '1', '0', NULL, 2),
(402, 12, 16, '2022-11-23 09:57:56', '2', '0', NULL, 2),
(403, 14, 22, '2022-11-23 12:45:13', '2', '0', NULL, 1),
(404, 15, 22, '2022-11-23 12:45:35', '1', '0', NULL, 1),
(405, 16, 22, '2022-11-23 12:45:45', '2', '1', NULL, 2),
(406, 17, 22, '2022-11-23 12:48:10', '2', '1', NULL, 0),
(407, 18, 22, '2022-11-23 12:48:23', '0', '3', NULL, 2),
(408, 19, 22, '2022-11-23 12:49:05', '2', '2', NULL, 1),
(409, 20, 22, '2022-11-23 12:49:18', '2', '0', NULL, 1),
(410, 21, 22, '2022-11-23 12:51:44', '2', '0', NULL, 0),
(411, 22, 22, '2022-11-23 12:51:54', '1', '0', NULL, 2),
(412, 23, 22, '2022-11-23 12:52:02', '1', '1', NULL, 1),
(413, 24, 22, '2022-11-23 12:52:11', '2', '1', NULL, 2),
(414, 25, 22, '2022-11-23 12:52:20', '2', '0', NULL, 0),
(415, 26, 22, '2022-11-23 12:52:32', '2', '0', NULL, 0),
(416, 10, 2, '2022-11-23 14:40:14', '3', '0', NULL, 0),
(417, 12, 2, '2022-11-23 16:04:43', '2', '0', NULL, 2),
(418, 12, 8, '2022-11-23 16:05:52', '2', '0', NULL, 2),
(419, 13, 8, '2022-11-23 16:06:01', '0', '2', NULL, 0),
(420, 14, 8, '2022-11-23 16:06:13', '2', '0', NULL, 1),
(421, 15, 8, '2022-11-23 16:06:20', '2', '0', NULL, 1),
(422, 16, 8, '2022-11-23 16:06:29', '3', '1', NULL, 1),
(423, 11, 2, '2022-11-23 16:40:01', '1', '0', NULL, 2),
(424, 14, 15, '2022-11-23 17:47:18', '2', '0', NULL, 1),
(425, 13, 15, '2022-11-23 17:47:33', '1', '1', NULL, 1),
(426, 13, 15, '2022-11-23 17:47:35', '1', '1', NULL, 1),
(427, 15, 15, '2022-11-23 17:47:48', '3', '1', NULL, 2),
(428, 16, 15, '2022-11-23 17:48:06', '2', '2', NULL, 1),
(429, 13, 21, '2022-11-23 18:48:07', '0', '0', NULL, 1),
(430, 14, 21, '2022-11-23 18:48:15', '2', '0', NULL, 1),
(431, 15, 21, '2022-11-23 18:48:25', '4', '0', NULL, 1),
(432, 16, 21, '2022-11-23 18:48:33', '4', '1', NULL, 1),
(433, 17, 17, '2022-11-23 18:53:35', '2', '0', NULL, 0),
(434, 18, 17, '2022-11-23 18:53:46', '1', '2', NULL, 2),
(435, 19, 17, '2022-11-23 18:53:56', '2', '0', NULL, 0),
(436, 20, 17, '2022-11-23 18:54:09', '3', '1', NULL, 0),
(437, 13, 3, '2022-11-23 19:47:28', '2', '1', NULL, 1),
(438, 14, 3, '2022-11-23 19:47:49', '3', '2', NULL, 0),
(439, 15, 3, '2022-11-23 19:48:14', '4', '0', NULL, 1),
(440, 16, 3, '2022-11-23 19:49:04', '6', '1', NULL, 1),
(441, 13, 16, '2022-11-23 21:20:39', '2', '0', NULL, 2),
(442, 14, 16, '2022-11-23 21:20:54', '2', '1', NULL, 0),
(443, 15, 16, '2022-11-23 21:21:08', '4', '0', NULL, 1),
(444, 16, 16, '2022-11-23 21:21:15', '2', '1', NULL, 2),
(445, 13, 29, '2022-11-23 21:35:57', '1', '2', NULL, 1),
(446, 14, 29, '2022-11-23 21:36:06', '3', '0', NULL, 1),
(447, 15, 29, '2022-11-23 21:36:36', '4', '0', NULL, 1),
(448, 16, 29, '2022-11-23 21:37:07', '4', '0', NULL, 2),
(449, 14, 19, '2022-11-23 22:04:52', '2', '0', NULL, 1),
(450, 15, 19, '2022-11-23 22:05:02', '2', '0', NULL, 1),
(451, 16, 19, '2022-11-23 22:05:11', '3', '1', NULL, 1),
(452, 17, 19, '2022-11-23 22:05:22', '1', '1', NULL, 0),
(453, 18, 19, '2022-11-23 22:06:02', '1', '2', NULL, 2),
(454, 13, 12, '2022-11-23 22:10:58', '1', '1', NULL, 1),
(455, 14, 12, '2022-11-23 22:11:06', '2', '0', NULL, 1),
(456, 15, 12, '2022-11-23 22:11:15', '1', '0', NULL, 1),
(457, 16, 12, '2022-11-23 22:11:22', '3', '0', NULL, 2),
(458, 13, 4, '2022-11-24 07:08:23', '1', '1', NULL, 1),
(459, 14, 4, '2022-11-24 07:08:36', '3', '0', NULL, 1),
(460, 15, 4, '2022-11-24 07:08:51', '3', '1', NULL, 2),
(461, 16, 4, '2022-11-24 07:09:00', '4', '0', NULL, 2),
(462, 13, 1, '2022-11-24 07:19:27', '1', '0', NULL, 3),
(463, 14, 1, '2022-11-24 07:19:37', '1', '0', NULL, 1),
(464, 15, 1, '2022-11-24 07:19:46', '2', '0', NULL, 1),
(465, 16, 1, '2022-11-24 07:19:54', '3', '0', NULL, 2),
(466, 13, 37, '2022-11-24 09:36:12', '0', '1', NULL, 0),
(467, 14, 37, '2022-11-24 09:36:23', '2', '1', NULL, 0),
(468, 15, 37, '2022-11-24 09:36:32', '3', '1', NULL, 2),
(469, 16, 37, '2022-11-24 09:36:42', '5', '0', NULL, 2),
(470, 17, 37, '2022-11-24 09:36:56', '2', '0', NULL, 0),
(471, 18, 37, '2022-11-24 09:37:10', '1', '2', NULL, 2),
(472, 19, 37, '2022-11-24 09:37:25', '2', '1', NULL, 1),
(473, 20, 37, '2022-11-24 09:37:33', '4', '2', NULL, 0),
(474, 14, 2, '2022-11-24 10:58:10', '3', '0', NULL, 1),
(475, 21, 37, '2022-11-24 11:00:17', '0', '1', NULL, 3),
(476, 22, 37, '2022-11-24 11:00:27', '3', '2', NULL, 1),
(477, 23, 37, '2022-11-24 11:00:37', '3', '0', NULL, 1),
(478, 24, 37, '2022-11-24 11:00:51', '1', '1', NULL, 0),
(479, 25, 37, '2022-11-24 11:01:01', '5', '0', NULL, 0),
(480, 26, 37, '2022-11-24 11:01:10', '3', '1', NULL, 0),
(481, 27, 37, '2022-11-24 11:01:33', '1', '0', NULL, 1),
(482, 28, 37, '2022-11-24 11:01:43', '4', '2', NULL, 0),
(483, 15, 2, '2022-11-24 11:04:22', '2', '1', NULL, 1),
(484, 17, 8, '2022-11-24 15:05:57', '2', '0', NULL, 0),
(485, 18, 8, '2022-11-24 15:06:23', '0', '2', NULL, 1),
(486, 19, 8, '2022-11-24 15:42:46', '1', '1', NULL, 3),
(487, 20, 8, '2022-11-24 15:43:15', '3', '1', NULL, 0),
(488, 17, 15, '2022-11-24 17:16:41', '3', '1', NULL, 0),
(489, 18, 15, '2022-11-24 17:17:01', '0', '3', NULL, 2),
(490, 19, 15, '2022-11-24 17:17:20', '2', '1', NULL, 1),
(491, 20, 15, '2022-11-24 17:17:36', '4', '0', NULL, 1),
(492, 21, 15, '2022-11-24 17:17:53', '1', '2', NULL, 1),
(493, 17, 12, '2022-11-24 18:43:31', '0', '0', NULL, 1),
(494, 18, 12, '2022-11-24 18:43:46', '0', '3', NULL, 2),
(495, 19, 12, '2022-11-24 18:44:08', '2', '0', NULL, 0),
(496, 20, 12, '2022-11-24 18:44:26', '3', '1', NULL, 0),
(497, 16, 2, '2022-11-24 19:46:14', '0', '0', NULL, 1),
(498, 17, 35, '2022-11-24 20:16:36', '3', '0', NULL, 0),
(499, 17, 1, '2022-11-24 21:04:44', '2', '0', NULL, 0),
(500, 18, 1, '2022-11-24 21:04:52', '0', '2', NULL, 1),
(501, 19, 1, '2022-11-24 21:05:13', '1', '1', NULL, 3),
(502, 20, 1, '2022-11-24 21:05:22', '3', '1', NULL, 0),
(503, 17, 3, '2022-11-24 21:14:38', '2', '1', NULL, 0),
(504, 18, 3, '2022-11-24 21:14:48', '0', '2', NULL, 1),
(505, 19, 3, '2022-11-24 21:15:03', '1', '1', NULL, 3),
(506, 20, 3, '2022-11-24 21:15:10', '2', '2', NULL, 1),
(507, 17, 16, '2022-11-24 21:30:57', '3', '1', NULL, 0),
(508, 18, 16, '2022-11-24 21:31:10', '1', '1', NULL, 1),
(509, 19, 16, '2022-11-24 21:31:34', '3', '1', NULL, 1),
(510, 20, 16, '2022-11-24 21:31:43', '2', '1', NULL, 0),
(511, 17, 21, '2022-11-24 22:17:32', '1', '0', NULL, 0),
(512, 18, 21, '2022-11-24 22:17:51', '0', '1', NULL, 1),
(513, 19, 21, '2022-11-24 22:18:03', '0', '0', NULL, 1),
(514, 20, 21, '2022-11-24 22:18:15', '3', '0', NULL, 1),
(515, 17, 4, '2022-11-24 23:07:24', '2', '0', NULL, 0),
(516, 18, 4, '2022-11-24 23:07:33', '1', '1', NULL, 1),
(517, 19, 4, '2022-11-24 23:07:57', '2', '0', NULL, 0),
(518, 20, 4, '2022-11-24 23:08:06', '3', '1', NULL, 0),
(519, 17, 29, '2022-11-25 07:43:41', '1', '0', NULL, 0),
(520, 18, 29, '2022-11-25 07:44:00', '0', '1', NULL, 1),
(521, 19, 29, '2022-11-25 07:44:30', '2', '2', NULL, 1),
(522, 20, 29, '2022-11-25 07:44:43', '2', '1', NULL, 0),
(523, 17, 2, '2022-11-25 08:46:08', '2', '1', NULL, 0),
(524, 18, 2, '2022-11-25 08:48:34', '0', '2', NULL, 1),
(525, 17, 10, '2022-11-25 09:26:04', '1', '1', NULL, 0),
(526, 18, 10, '2022-11-25 09:26:40', '1', '2', NULL, 2),
(527, 21, 17, '2022-11-25 10:16:43', '0', '2', NULL, 2),
(528, 22, 17, '2022-11-25 10:16:50', '2', '1', NULL, 2),
(529, 23, 17, '2022-11-25 10:16:58', '2', '1', NULL, 3),
(530, 24, 17, '2022-11-25 10:17:08', '1', '1', NULL, 0),
(531, 18, 38, '2022-11-25 10:49:59', '0', '3', NULL, 2),
(532, 19, 38, '2022-11-25 10:50:12', '4', '1', NULL, 1),
(533, 20, 38, '2022-11-25 10:50:22', '1', '0', NULL, 1),
(534, 21, 38, '2022-11-25 10:50:37', '1', '1', NULL, 1),
(535, 22, 38, '2022-11-25 10:51:00', '3', '1', NULL, 1),
(536, 23, 38, '2022-11-25 10:51:27', '3', '0', NULL, 1),
(537, 24, 38, '2022-11-25 10:52:02', '2', '0', NULL, 3),
(538, 25, 38, '2022-11-25 10:52:26', '3', '0', NULL, 0),
(539, 26, 38, '2022-11-25 10:52:55', '2', '1', NULL, 0),
(540, 27, 38, '2022-11-25 10:53:20', '6', '1', NULL, 2),
(541, 28, 38, '2022-11-25 10:53:35', '3', '1', NULL, 1),
(542, 29, 38, '2022-11-25 10:54:24', '0', '0', NULL, 1),
(543, 30, 38, '2022-11-25 10:54:38', '2', '1', NULL, 1),
(544, 31, 38, '2022-11-25 10:54:54', '1', '2', NULL, 1),
(545, 32, 38, '2022-11-25 10:55:13', '2', '2', NULL, 1),
(546, 33, 38, '2022-11-25 10:55:32', '1', '0', NULL, 2),
(547, 29, 37, '2022-11-25 11:07:21', '0', '0', NULL, 1),
(548, 30, 37, '2022-11-25 11:07:33', '2', '1', NULL, 1),
(549, 31, 37, '2022-11-25 11:07:44', '3', '0', NULL, 2),
(550, 34, 38, '2022-11-25 11:07:47', '3', '3', NULL, 0),
(551, 32, 37, '2022-11-25 11:07:57', '2', '0', NULL, 3),
(552, 33, 37, '2022-11-25 11:08:12', '4', '0', NULL, 2),
(553, 34, 37, '2022-11-25 11:08:24', '1', '0', NULL, 1),
(554, 35, 37, '2022-11-25 11:08:34', '1', '3', NULL, 0),
(555, 21, 8, '2022-11-25 16:58:29', '1', '1', NULL, 1),
(556, 22, 8, '2022-11-25 17:07:57', '2', '0', NULL, 3),
(557, 23, 8, '2022-11-25 17:08:06', '2', '2', NULL, 1),
(558, 24, 8, '2022-11-25 17:08:22', '1', '1', NULL, 0),
(559, 27, 22, '2022-11-25 17:53:21', '2', '0', NULL, 1),
(560, 28, 22, '2022-11-25 17:53:33', '2', '2', NULL, 1),
(561, 19, 2, '2022-11-25 18:00:32', '1', '1', NULL, 3),
(562, 20, 2, '2022-11-25 18:02:19', '3', '1', NULL, 0),
(563, 21, 12, '2022-11-25 18:09:29', '1', '1', NULL, 1),
(564, 20, 19, '2022-11-25 18:09:40', '3', '1', NULL, 0),
(565, 22, 12, '2022-11-25 18:09:48', '1', '1', NULL, 0),
(566, 23, 12, '2022-11-25 18:09:56', '2', '0', NULL, 2),
(567, 21, 19, '2022-11-25 18:10:03', '0', '0', NULL, 1),
(568, 24, 12, '2022-11-25 18:10:12', '2', '1', NULL, 2),
(569, 28, 8, '2022-11-25 18:14:20', '3', '2', NULL, 0),
(570, 21, 42, '2022-11-25 18:56:24', '1', '2', NULL, 1),
(571, 22, 42, '2022-11-25 18:56:52', '2', '0', NULL, 3),
(572, 21, 43, '2022-11-25 18:57:49', '3', '1', NULL, 1),
(573, 23, 42, '2022-11-25 18:58:05', '3', '1', NULL, 2),
(574, 22, 19, '2022-11-25 19:06:06', '1', '0', NULL, 2),
(575, 21, 1, '2022-11-25 19:07:24', '1', '0', NULL, 0),
(576, 22, 1, '2022-11-25 19:07:38', '1', '1', NULL, 0),
(577, 23, 1, '2022-11-25 19:08:02', '2', '1', NULL, 3),
(578, 21, 10, '2022-11-25 19:11:11', '0', '1', NULL, 3),
(579, 22, 10, '2022-11-25 19:11:29', '1', '1', NULL, 0),
(580, 23, 10, '2022-11-25 19:11:40', '3', '1', NULL, 2),
(581, 24, 10, '2022-11-25 19:11:56', '2', '1', NULL, 2),
(582, 25, 10, '2022-11-25 19:12:13', '3', '0', NULL, 0),
(583, 35, 38, '2022-11-25 19:44:54', '1', '1', NULL, 1),
(584, 28, 25, '2022-11-25 20:40:34', '4', '2', NULL, 0),
(585, 43, 25, '2022-11-25 20:40:46', '0', '0', NULL, NULL),
(586, 21, 16, '2022-11-25 20:55:46', '1', '0', NULL, 0),
(587, 23, 15, '2022-11-25 20:57:35', '3', '0', NULL, 1),
(588, 22, 15, '2022-11-25 20:57:48', '3', '1', NULL, 1),
(589, 24, 15, '2022-11-25 20:57:58', '3', '1', NULL, 1),
(590, 26, 15, '2022-11-25 20:58:10', '2', '1', NULL, 0),
(591, 22, 16, '2022-11-25 20:58:13', '1', '1', NULL, 0),
(592, 23, 16, '2022-11-25 20:58:22', '2', '1', NULL, 3),
(593, 25, 15, '2022-11-25 20:58:24', '2', '1', NULL, 1),
(594, 24, 16, '2022-11-25 20:58:29', '2', '0', NULL, 3),
(595, 21, 21, '2022-11-25 22:01:51', '0', '0', NULL, 1),
(596, 22, 21, '2022-11-25 22:02:04', '1', '1', NULL, 0),
(597, 23, 21, '2022-11-25 22:02:13', '2', '0', NULL, 2),
(598, 24, 21, '2022-11-25 22:02:28', '2', '1', NULL, 2),
(599, 29, 22, '2022-11-25 22:19:46', '0', '2', NULL, 0),
(600, 30, 22, '2022-11-25 22:19:58', '1', '1', NULL, 0),
(601, 31, 22, '2022-11-25 22:20:26', '1', '0', NULL, 3),
(602, 32, 22, '2022-11-25 22:20:38', '1', '1', NULL, 0),
(603, 23, 19, '2022-11-25 23:07:05', '3', '1', NULL, 2),
(604, 24, 19, '2022-11-25 23:07:17', '2', '0', NULL, 3),
(605, 25, 19, '2022-11-25 23:07:30', '3', '0', NULL, 0),
(606, 26, 19, '2022-11-25 23:07:41', '1', '0', NULL, 0),
(607, 27, 19, '2022-11-25 23:08:03', '2', '1', NULL, 2),
(608, 21, 3, '2022-11-25 23:29:59', '1', '2', NULL, 1),
(609, 22, 3, '2022-11-25 23:30:26', '1', '1', NULL, 0),
(610, 23, 3, '2022-11-25 23:30:53', '3', '2', NULL, 1),
(611, 24, 3, '2022-11-25 23:31:08', '2', '1', NULL, 2),
(612, 21, 4, '2022-11-26 01:28:51', '1', '0', NULL, 0),
(613, 22, 4, '2022-11-26 01:29:16', '2', '0', NULL, 3),
(614, 23, 4, '2022-11-26 01:29:42', '3', '1', NULL, 2),
(615, 24, 4, '2022-11-26 01:29:56', '2', '1', NULL, 2),
(616, 26, 10, '2022-11-26 08:10:43', '2', '1', NULL, 0),
(617, 27, 10, '2022-11-26 08:11:24', '0', '1', NULL, 1),
(618, 21, 29, '2022-11-26 09:19:50', '1', '2', NULL, 1),
(619, 22, 29, '2022-11-26 09:20:19', '0', '2', NULL, 0),
(620, 23, 29, '2022-11-26 09:20:34', '2', '1', NULL, 3),
(621, 36, 38, '2022-11-26 09:21:14', '0', '3', NULL, 2),
(622, 24, 29, '2022-11-26 09:21:21', '1', '0', NULL, 2),
(623, 37, 38, '2022-11-26 09:21:26', '0', '2', NULL, 0),
(624, 38, 38, '2022-11-26 09:21:47', '1', '4', NULL, 1),
(625, 25, 29, '2022-11-26 09:21:50', '3', '0', NULL, 0),
(626, 39, 38, '2022-11-26 09:22:09', '2', '3', NULL, 1),
(627, 40, 38, '2022-11-26 09:22:24', '2', '1', NULL, 0),
(628, 23, 26, '2022-11-26 13:31:17', '4', '1', NULL, 2),
(629, 24, 26, '2022-11-26 13:31:32', '3', '1', NULL, 1),
(630, 25, 26, '2022-11-26 13:31:45', '3', '1', NULL, 1),
(631, 48, 26, '2022-11-26 13:32:08', '2', '6', NULL, NULL),
(632, 47, 26, '2022-11-26 13:32:18', '1', '2', NULL, NULL),
(633, 46, 26, '2022-11-26 13:32:28', '1', '3', NULL, NULL),
(634, 45, 26, '2022-11-26 13:32:37', '0', '4', NULL, NULL),
(635, 44, 26, '2022-11-26 13:32:49', '3', '0', NULL, NULL),
(636, 43, 26, '2022-11-26 13:32:58', '1', '3', NULL, NULL),
(637, 42, 26, '2022-11-26 13:33:08', '2', '2', NULL, NULL),
(638, 41, 26, '2022-11-26 13:34:20', '2', '1', NULL, NULL),
(639, 40, 26, '2022-11-26 13:35:06', '1', '2', NULL, 3),
(640, 39, 26, '2022-11-26 13:35:12', '1', '3', NULL, 1),
(641, 38, 26, '2022-11-26 13:35:21', '1', '5', NULL, 1),
(642, 37, 26, '2022-11-26 13:35:27', '1', '2', NULL, 1),
(643, 36, 26, '2022-11-26 13:35:35', '2', '1', NULL, 1),
(644, 35, 26, '2022-11-26 13:35:48', '2', '1', NULL, 0),
(645, 34, 26, '2022-11-26 13:35:57', '3', '2', NULL, 1),
(646, 33, 26, '2022-11-26 13:36:08', '3', '1', NULL, 1),
(647, 48, 39, '2022-11-26 13:37:12', '1', '4', NULL, NULL),
(648, 47, 39, '2022-11-26 13:37:18', '2', '1', NULL, NULL),
(649, 46, 39, '2022-11-26 13:37:28', '1', '2', NULL, NULL),
(650, 45, 39, '2022-11-26 13:37:34', '1', '3', NULL, NULL),
(651, 44, 39, '2022-11-26 13:37:41', '5', '0', NULL, NULL),
(652, 43, 39, '2022-11-26 13:37:51', '1', '2', NULL, NULL),
(653, 36, 39, '2022-11-26 13:38:01', '1', '1', NULL, 1),
(654, 42, 39, '2022-11-26 13:38:08', '0', '2', NULL, NULL),
(655, 35, 39, '2022-11-26 13:38:18', '2', '2', NULL, 1),
(656, 41, 39, '2022-11-26 13:38:26', '2', '1', NULL, NULL),
(657, 23, 39, '2022-11-26 13:38:37', '3', '1', NULL, 2),
(658, 32, 39, '2022-11-26 13:38:45', '2', '0', NULL, 3),
(659, 40, 39, '2022-11-26 13:38:52', '0', '3', NULL, 1),
(660, 39, 39, '2022-11-26 13:39:00', '0', '2', NULL, 3),
(661, 27, 39, '2022-11-26 13:39:11', '2', '1', NULL, 2),
(662, 37, 39, '2022-11-26 13:39:18', '0', '1', NULL, 0),
(663, 29, 39, '2022-11-26 13:39:23', '1', '2', NULL, 0),
(664, 34, 39, '2022-11-26 13:39:33', '3', '1', NULL, 0),
(665, 30, 39, '2022-11-26 13:39:45', '2', '3', NULL, 3),
(666, 28, 39, '2022-11-26 13:39:50', '3', '1', NULL, 1),
(667, 24, 39, '2022-11-26 13:39:59', '3', '1', NULL, 1),
(668, 25, 39, '2022-11-26 13:40:07', '2', '0', NULL, 0),
(669, 26, 39, '2022-11-26 13:40:14', '1', '0', NULL, 0),
(670, 31, 39, '2022-11-26 13:40:22', '4', '2', NULL, 1),
(671, 33, 39, '2022-11-26 13:40:29', '2', '1', NULL, 2),
(672, 38, 39, '2022-11-26 13:40:39', '0', '4', NULL, 0),
(673, 23, 7, '2022-11-26 14:05:30', '4', '1', NULL, 2),
(674, 24, 7, '2022-11-26 14:08:20', '2', '1', NULL, 2),
(675, 25, 7, '2022-11-26 14:08:51', '2', '1', NULL, 1),
(676, 26, 7, '2022-11-26 14:09:01', '2', '1', NULL, 0),
(677, 27, 7, '2022-11-26 14:09:14', '1', '0', NULL, 1),
(678, 28, 7, '2022-11-26 14:09:27', '2', '2', NULL, 1),
(679, 29, 7, '2022-11-26 14:09:48', '1', '1', NULL, 1),
(680, 30, 7, '2022-11-26 14:10:03', '1', '1', NULL, 0),
(681, 43, 7, '2022-11-26 14:15:32', '0', '4', NULL, NULL),
(682, 23, 30, '2022-11-26 14:27:22', '3', '1', NULL, 2),
(683, 24, 30, '2022-11-26 14:27:38', '1', '1', NULL, 0),
(684, 25, 30, '2022-11-26 14:27:49', '5', '0', NULL, 0),
(685, 26, 30, '2022-11-26 14:27:57', '3', '1', NULL, 0),
(686, 27, 30, '2022-11-26 14:28:12', '0', '1', NULL, 1),
(687, 28, 30, '2022-11-26 14:28:35', '3', '1', NULL, 1),
(688, 23, 2, '2022-11-26 14:28:38', '3', '1', NULL, 2),
(689, 29, 30, '2022-11-26 14:28:50', '1', '0', NULL, 0),
(690, 30, 30, '2022-11-26 14:29:08', '1', '0', NULL, 0),
(691, 31, 30, '2022-11-26 14:29:19', '2', '0', NULL, 2),
(692, 32, 30, '2022-11-26 14:29:27', '1', '1', NULL, 0),
(693, 33, 30, '2022-11-26 14:29:38', '2', '0', NULL, 3),
(694, 34, 30, '2022-11-26 14:29:45', '1', '0', NULL, 1),
(695, 35, 30, '2022-11-26 14:29:55', '0', '3', NULL, 1),
(696, 36, 30, '2022-11-26 14:30:09', '0', '1', NULL, 3),
(697, 37, 30, '2022-11-26 14:30:18', '1', '0', NULL, 3),
(698, 39, 30, '2022-11-26 14:30:33', '0', '2', NULL, 3),
(699, 24, 2, '2022-11-26 14:31:30', '2', '2', NULL, 1),
(700, 25, 8, '2022-11-26 14:32:01', '3', '1', NULL, 1),
(701, 25, 2, '2022-11-26 14:32:43', '2', '0', NULL, 0),
(702, 22, 2, '2022-11-26 14:37:16', '2', '0', NULL, 3),
(703, 36, 37, '2022-11-26 15:15:36', '0', '0', NULL, 1),
(704, 37, 37, '2022-11-26 15:15:45', '1', '3', NULL, 1),
(705, 38, 37, '2022-11-26 15:15:52', '0', '3', NULL, 0),
(706, 39, 37, '2022-11-26 15:16:02', '2', '2', NULL, 1),
(707, 40, 37, '2022-11-26 15:16:10', '0', '1', NULL, 1),
(708, 41, 37, '2022-11-26 15:16:18', '1', '2', NULL, NULL),
(709, 42, 37, '2022-11-26 15:16:25', '3', '1', NULL, NULL),
(710, 43, 37, '2022-11-26 15:16:32', '2', '2', NULL, NULL),
(711, 44, 37, '2022-11-26 15:16:39', '2', '0', NULL, NULL),
(712, 45, 37, '2022-11-26 15:16:52', '0', '3', NULL, NULL),
(713, 46, 37, '2022-11-26 15:17:03', '1', '4', NULL, NULL),
(714, 47, 37, '2022-11-26 15:17:22', '1', '1', NULL, NULL),
(715, 48, 37, '2022-11-26 15:17:28', '0', '2', NULL, NULL),
(716, 24, 13, '2022-11-26 16:08:45', '3', '2', NULL, 1),
(717, 25, 13, '2022-11-26 16:08:54', '2', '1', NULL, 1),
(718, 28, 13, '2022-11-26 16:09:03', '3', '2', NULL, 0),
(719, 27, 13, '2022-11-26 16:09:12', '1', '1', NULL, 1),
(720, 26, 13, '2022-11-26 16:09:23', '2', '3', NULL, 1),
(721, 29, 13, '2022-11-26 16:11:58', '3', '0', NULL, 1),
(722, 30, 13, '2022-11-26 16:12:08', '2', '4', NULL, 2),
(723, 31, 13, '2022-11-26 16:12:18', '1', '2', NULL, 1),
(724, 24, 44, '2022-11-26 16:13:49', '3', '1', NULL, 1),
(725, 25, 44, '2022-11-26 16:14:13', '2', '1', NULL, 1),
(726, 26, 44, '2022-11-26 16:14:30', '2', '1', NULL, 0),
(727, 27, 44, '2022-11-26 16:14:44', '3', '1', NULL, 2),
(728, 28, 44, '2022-11-26 16:14:58', '2', '1', NULL, 1),
(729, 29, 44, '2022-11-26 16:15:16', '0', '1', NULL, 0),
(730, 30, 44, '2022-11-26 16:15:27', '1', '2', NULL, 1),
(731, 31, 44, '2022-11-26 16:15:40', '4', '1', NULL, 1),
(732, 32, 13, '2022-11-26 16:15:49', '2', '2', NULL, 1),
(733, 32, 44, '2022-11-26 16:15:53', '2', '1', NULL, 2),
(734, 33, 13, '2022-11-26 16:16:01', '2', '1', NULL, 2),
(735, 33, 44, '2022-11-26 16:16:03', '2', '0', NULL, 3),
(736, 34, 13, '2022-11-26 16:16:11', '1', '3', NULL, 2),
(737, 34, 44, '2022-11-26 16:16:12', '0', '1', NULL, 1),
(738, 35, 13, '2022-11-26 16:16:20', '1', '2', NULL, 0),
(739, 35, 44, '2022-11-26 16:16:23', '1', '2', NULL, 0),
(740, 36, 13, '2022-11-26 16:17:28', '1', '2', NULL, 1),
(741, 36, 44, '2022-11-26 16:17:30', '1', '1', NULL, 1),
(742, 37, 13, '2022-11-26 16:17:40', '3', '3', NULL, 0),
(743, 37, 44, '2022-11-26 16:17:41', '2', '1', NULL, 1),
(744, 38, 13, '2022-11-26 16:17:52', '1', '2', NULL, 1),
(745, 38, 44, '2022-11-26 16:17:57', '1', '3', NULL, 1),
(746, 39, 13, '2022-11-26 16:18:02', '1', '3', NULL, 1),
(747, 39, 44, '2022-11-26 16:18:07', '1', '3', NULL, 1),
(748, 40, 13, '2022-11-26 16:18:19', '2', '1', NULL, 0),
(749, 40, 44, '2022-11-26 16:18:27', '2', '2', NULL, 1),
(750, 41, 13, '2022-11-26 16:18:40', '0', '0', NULL, NULL),
(751, 41, 44, '2022-11-26 16:18:46', '1', '0', NULL, NULL),
(752, 42, 13, '2022-11-26 16:18:51', '2', '3', NULL, NULL),
(753, 42, 44, '2022-11-26 16:18:58', '1', '0', NULL, NULL),
(754, 43, 13, '2022-11-26 16:19:01', '2', '4', NULL, NULL),
(755, 43, 44, '2022-11-26 16:19:22', '1', '2', NULL, NULL),
(756, 44, 13, '2022-11-26 16:19:30', '2', '1', NULL, NULL),
(757, 45, 13, '2022-11-26 16:19:41', '2', '1', NULL, NULL),
(758, 44, 44, '2022-11-26 16:20:04', '5', '1', NULL, NULL),
(759, 46, 13, '2022-11-26 16:20:06', '1', '3', NULL, NULL),
(760, 45, 44, '2022-11-26 16:20:15', '0', '2', NULL, NULL),
(761, 47, 13, '2022-11-26 16:20:23', '0', '1', NULL, NULL),
(762, 46, 44, '2022-11-26 16:20:28', '0', '2', NULL, NULL),
(763, 48, 13, '2022-11-26 16:20:35', '2', '0', NULL, NULL),
(764, 47, 44, '2022-11-26 16:20:44', '1', '2', NULL, NULL),
(765, 48, 44, '2022-11-26 16:20:50', '1', '3', NULL, NULL),
(766, 25, 21, '2022-11-26 17:17:23', '3', '0', NULL, 0),
(767, 26, 21, '2022-11-26 17:17:33', '0', '0', NULL, 1),
(768, 27, 21, '2022-11-26 17:17:44', '1', '0', NULL, 1),
(769, 28, 21, '2022-11-26 17:18:14', '3', '1', NULL, 1),
(770, 24, 1, '2022-11-26 17:44:47', '2', '1', NULL, 2),
(771, 27, 15, '2022-11-26 18:33:16', '3', '0', NULL, 1),
(772, 28, 15, '2022-11-26 18:33:30', '2', '2', NULL, 1),
(773, 25, 43, '2022-11-26 20:43:39', '1', '1', NULL, 1),
(774, 26, 43, '2022-11-26 20:43:59', '0', '0', NULL, 1),
(775, 27, 43, '2022-11-26 20:44:21', '1', '1', NULL, 1),
(776, 28, 43, '2022-11-26 20:44:44', '2', '0', NULL, 0),
(777, 25, 4, '2022-11-26 20:51:31', '2', '0', NULL, 0),
(778, 26, 4, '2022-11-26 20:52:12', '1', '0', NULL, 0),
(779, 27, 4, '2022-11-26 20:53:05', '1', '0', NULL, 1),
(780, 28, 4, '2022-11-26 20:53:20', '2', '1', NULL, 1),
(781, 25, 3, '2022-11-26 21:05:00', '1', '1', NULL, 1),
(782, 26, 3, '2022-11-26 21:05:15', '3', '1', NULL, 0),
(783, 27, 3, '2022-11-26 21:05:22', '2', '1', NULL, 2),
(784, 28, 3, '2022-11-26 21:05:41', '4', '2', NULL, 0),
(785, 26, 8, '2022-11-26 22:21:50', '2', '1', NULL, 0),
(786, 27, 8, '2022-11-26 22:22:42', '1', '0', NULL, 1),
(787, 25, 1, '2022-11-26 23:56:45', '2', '0', NULL, 0),
(788, 26, 1, '2022-11-26 23:56:54', '2', '0', NULL, 0),
(789, 27, 1, '2022-11-26 23:57:07', '0', '0', NULL, 0),
(790, 28, 1, '2022-11-26 23:57:14', '2', '0', NULL, 0),
(791, 25, 12, '2022-11-26 23:57:43', '2', '0', NULL, 0),
(792, 25, 12, '2022-11-26 23:57:43', '2', '0', NULL, 0),
(793, 26, 12, '2022-11-26 23:57:59', '2', '1', NULL, 0),
(794, 27, 12, '2022-11-26 23:58:26', '2', '1', NULL, 2),
(795, 28, 12, '2022-11-26 23:58:33', '2', '1', NULL, 1),
(796, 25, 16, '2022-11-27 08:30:03', '3', '1', NULL, 1),
(797, 26, 16, '2022-11-27 08:31:02', '1', '0', NULL, 0),
(798, 27, 16, '2022-11-27 08:31:22', '2', '0', NULL, 1),
(799, 28, 16, '2022-11-27 08:31:49', '2', '1', NULL, 1),
(800, 26, 2, '2022-11-27 10:57:16', '1', '0', NULL, 0),
(801, 26, 29, '2022-11-27 12:44:43', '2', '1', NULL, 0),
(802, 27, 29, '2022-11-27 12:44:59', '2', '0', NULL, 1),
(803, 28, 29, '2022-11-27 12:45:25', '3', '2', NULL, 0),
(804, 33, 22, '2022-11-27 12:54:14', '4', '0', NULL, 2),
(805, 34, 22, '2022-11-27 12:54:48', '3', '2', NULL, 1),
(806, 35, 22, '2022-11-27 12:55:03', '0', '1', NULL, 1),
(807, 36, 22, '2022-11-27 12:55:22', '0', '1', NULL, 3),
(808, 29, 15, '2022-11-27 13:05:17', '1', '3', NULL, 1),
(809, 29, 8, '2022-11-27 13:26:00', '0', '1', NULL, 0),
(810, 30, 8, '2022-11-27 13:26:31', '0', '1', NULL, 1),
(811, 31, 8, '2022-11-27 13:26:37', '3', '0', NULL, 2),
(812, 32, 8, '2022-11-27 13:26:46', '1', '0', NULL, 2),
(813, 27, 36, '2022-11-27 14:03:20', '2', '1', NULL, 2),
(814, 28, 36, '2022-11-27 14:03:32', '3', '2', NULL, 0),
(815, 29, 36, '2022-11-27 14:03:42', '1', '3', NULL, 1),
(816, 30, 36, '2022-11-27 14:03:52', '0', '2', NULL, 1),
(817, 31, 36, '2022-11-27 14:03:59', '3', '1', NULL, 1),
(818, 32, 36, '2022-11-27 14:04:06', '2', '0', NULL, 3),
(819, 33, 36, '2022-11-27 14:04:13', '3', '0', NULL, 2),
(820, 34, 36, '2022-11-27 14:04:21', '2', '1', NULL, 0),
(821, 35, 36, '2022-11-27 14:04:32', '1', '2', NULL, 0),
(822, 36, 36, '2022-11-27 14:04:40', '1', '3', NULL, 1),
(823, 37, 36, '2022-11-27 14:04:48', '0', '2', NULL, 0),
(824, 38, 36, '2022-11-27 14:04:59', '0', '4', NULL, 0),
(825, 39, 36, '2022-11-27 14:05:13', '0', '2', NULL, 3),
(826, 40, 36, '2022-11-27 14:05:22', '1', '2', NULL, 3),
(827, 41, 36, '2022-11-27 14:05:28', '1', '3', NULL, NULL),
(828, 42, 36, '2022-11-27 14:05:35', '2', '1', NULL, NULL),
(829, 43, 36, '2022-11-27 14:05:42', '0', '3', NULL, NULL),
(830, 44, 36, '2022-11-27 14:05:48', '3', '0', NULL, NULL),
(831, 45, 36, '2022-11-27 14:05:54', '0', '1', NULL, NULL),
(832, 46, 36, '2022-11-27 14:06:01', '0', '2', NULL, NULL),
(833, 47, 36, '2022-11-27 14:06:08', '1', '3', NULL, NULL),
(834, 48, 36, '2022-11-27 14:06:14', '0', '4', NULL, NULL),
(835, 27, 2, '2022-11-27 15:27:24', '2', '0', NULL, 1),
(836, 28, 2, '2022-11-27 15:32:28', '3', '1', NULL, 1),
(837, 28, 6, '2022-11-27 15:35:28', '2', '0', NULL, 0),
(838, 28, 10, '2022-11-27 15:40:44', '3', '2', NULL, 0),
(839, 28, 14, '2022-11-27 17:00:58', '2', '1', NULL, 1),
(840, 29, 14, '2022-11-27 17:01:25', '1', '3', NULL, 1),
(841, 30, 14, '2022-11-27 17:01:36', '2', '1', NULL, 1),
(842, 31, 14, '2022-11-27 17:01:54', '3', '0', NULL, 2),
(843, 32, 14, '2022-11-27 17:02:20', '2', '1', NULL, 2),
(844, 33, 14, '2022-11-27 17:02:28', '1', '0', NULL, 2),
(845, 34, 14, '2022-11-27 17:02:35', '1', '1', NULL, 1),
(846, 35, 14, '2022-11-27 17:02:44', '0', '2', NULL, 1),
(847, 36, 14, '2022-11-27 17:02:53', '0', '1', NULL, 3),
(848, 37, 14, '2022-11-27 17:03:03', '1', '2', NULL, 1),
(849, 38, 14, '2022-11-27 17:03:13', '0', '3', NULL, 0),
(850, 39, 14, '2022-11-27 17:03:23', '1', '2', NULL, 2),
(851, 40, 14, '2022-11-27 17:03:32', '0', '2', NULL, 2),
(852, 41, 14, '2022-11-27 17:03:44', '2', '3', NULL, NULL),
(853, 42, 14, '2022-11-27 17:03:51', '1', '1', NULL, NULL),
(854, 43, 14, '2022-11-27 17:04:02', '1', '2', NULL, NULL),
(855, 44, 14, '2022-11-27 17:04:10', '3', '1', NULL, NULL),
(856, 45, 14, '2022-11-27 17:04:18', '1', '2', NULL, NULL),
(857, 46, 14, '2022-11-27 17:04:26', '0', '1', NULL, NULL),
(858, 47, 14, '2022-11-27 17:04:37', '1', '1', NULL, NULL),
(859, 48, 14, '2022-11-27 17:04:44', '0', '4', NULL, NULL),
(860, 28, 19, '2022-11-27 18:18:08', '3', '1', NULL, 1),
(861, 29, 43, '2022-11-27 18:18:40', '1', '2', NULL, 0),
(862, 29, 16, '2022-11-27 21:08:38', '0', '2', NULL, 0),
(863, 30, 16, '2022-11-27 21:09:58', '1', '1', NULL, 0),
(864, 31, 16, '2022-11-27 21:10:08', '2', '0', NULL, 2),
(865, 32, 16, '2022-11-27 21:11:06', '2', '0', NULL, 3),
(866, 29, 19, '2022-11-27 21:57:28', '0', '2', NULL, 0),
(867, 31, 19, '2022-11-27 21:57:39', '3', '0', NULL, 2),
(868, 32, 19, '2022-11-27 22:01:58', '2', '1', NULL, 2),
(869, 30, 19, '2022-11-27 22:02:18', '1', '0', NULL, 0),
(870, 29, 42, '2022-11-27 22:09:22', '0', '1', NULL, 0),
(871, 30, 42, '2022-11-27 22:09:34', '2', '3', NULL, 3),
(872, 31, 42, '2022-11-27 22:09:41', '3', '1', NULL, 1),
(873, 32, 42, '2022-11-27 22:10:01', '2', '0', NULL, 3),
(874, 33, 42, '2022-11-27 22:10:08', '1', '0', NULL, 2),
(875, 34, 42, '2022-11-27 22:10:15', '1', '2', NULL, 3),
(876, 35, 42, '2022-11-27 22:10:22', '0', '2', NULL, 1),
(877, 36, 42, '2022-11-27 22:10:30', '0', '1', NULL, 3),
(878, 37, 42, '2022-11-27 22:10:36', '1', '0', NULL, 3),
(879, 38, 42, '2022-11-27 22:10:42', '0', '2', NULL, 0),
(880, 39, 42, '2022-11-27 22:10:49', '1', '3', NULL, 1),
(881, 40, 42, '2022-11-27 22:10:55', '0', '1', NULL, 1),
(882, 41, 42, '2022-11-27 22:11:02', '1', '2', NULL, NULL),
(883, 42, 42, '2022-11-27 22:11:11', '1', '0', NULL, NULL),
(884, 43, 42, '2022-11-27 22:11:21', '0', '2', NULL, NULL),
(885, 44, 42, '2022-11-27 22:11:29', '1', '1', NULL, NULL),
(886, 45, 42, '2022-11-27 22:11:35', '0', '1', NULL, NULL),
(887, 46, 42, '2022-11-27 22:11:42', '1', '3', NULL, NULL),
(888, 47, 42, '2022-11-27 22:11:49', '1', '1', NULL, NULL),
(889, 48, 42, '2022-11-27 22:11:55', '1', '3', NULL, NULL),
(890, 29, 3, '2022-11-28 06:24:09', '1', '1', NULL, 1),
(891, 30, 3, '2022-11-28 06:24:21', '2', '3', NULL, 3),
(892, 31, 3, '2022-11-28 06:24:41', '3', '2', NULL, 1),
(893, 32, 3, '2022-11-28 06:24:48', '2', '1', NULL, 2),
(894, 29, 4, '2022-11-28 07:04:41', '1', '0', NULL, 0),
(895, 30, 4, '2022-11-28 07:04:54', '0', '2', NULL, 1),
(896, 31, 4, '2022-11-28 07:05:14', '2', '0', NULL, 2),
(897, 32, 4, '2022-11-28 07:05:31', '1', '1', NULL, 0),
(898, 29, 1, '2022-11-28 07:26:15', '1', '3', NULL, 1),
(899, 29, 12, '2022-11-28 07:32:26', '0', '1', NULL, 0),
(900, 30, 12, '2022-11-28 07:32:44', '1', '1', NULL, 0),
(901, 31, 12, '2022-11-28 07:32:59', '2', '1', NULL, 1),
(902, 32, 12, '2022-11-28 07:33:39', '2', '1', NULL, 2),
(903, 29, 29, '2022-11-28 08:03:46', '1', '1', NULL, 1),
(904, 30, 29, '2022-11-28 08:04:13', '0', '2', NULL, 1),
(905, 31, 29, '2022-11-28 08:04:26', '3', '1', NULL, 1),
(906, 32, 29, '2022-11-28 08:04:49', '3', '1', NULL, 1),
(907, 29, 2, '2022-11-28 09:06:05', '0', '1', NULL, 0),
(908, 30, 2, '2022-11-28 09:06:35', '1', '0', NULL, 0),
(909, 30, 21, '2022-11-28 09:58:45', '1', '1', NULL, 0),
(910, 31, 21, '2022-11-28 09:58:54', '3', '0', NULL, 2),
(911, 32, 21, '2022-11-28 09:59:02', '2', '0', NULL, 3),
(912, 37, 22, '2022-11-28 12:24:37', '0', '2', NULL, 0),
(913, 30, 15, '2022-11-28 12:27:11', '0', '2', NULL, 1),
(914, 31, 15, '2022-11-28 12:27:32', '3', '0', NULL, 2),
(915, 32, 15, '2022-11-28 12:27:47', '2', '1', NULL, 2);
INSERT INTO `apuestas` (`id`, `id_partido`, `id_persona`, `fecha`, `apuesta_1`, `apuesta_2`, `ganador`, `puntuacion`) VALUES
(916, 30, 1, '2022-11-28 15:08:10', '0', '2', NULL, 1),
(917, 31, 1, '2022-11-28 15:08:43', '2', '0', NULL, 2),
(918, 32, 1, '2022-11-28 15:08:53', '1', '0', NULL, 2),
(919, 33, 12, '2022-11-28 17:50:15', '2', '0', NULL, 3),
(920, 34, 12, '2022-11-28 17:50:24', '1', '2', NULL, 3),
(921, 35, 12, '2022-11-28 17:50:43', '0', '2', NULL, 1),
(922, 36, 12, '2022-11-28 17:50:57', '1', '2', NULL, 1),
(923, 32, 40, '2022-11-28 18:19:33', '2', '1', NULL, 2),
(924, 32, 2, '2022-11-28 18:27:49', '2', '1', NULL, 2),
(925, 33, 8, '2022-11-28 18:38:18', '2', '0', NULL, 3),
(926, 34, 8, '2022-11-28 18:39:01', '1', '2', NULL, 3),
(927, 35, 8, '2022-11-28 18:39:15', '0', '2', NULL, 1),
(928, 36, 8, '2022-11-28 18:41:29', '1', '1', NULL, 1),
(929, 43, 8, '2022-11-28 19:07:07', '0', '2', NULL, NULL),
(930, 33, 15, '2022-11-28 19:11:40', '4', '0', NULL, 2),
(931, 34, 15, '2022-11-28 19:15:20', '1', '2', NULL, 3),
(932, 35, 15, '2022-11-28 19:15:37', '0', '2', NULL, 1),
(933, 33, 16, '2022-11-28 21:18:17', '3', '0', NULL, 2),
(934, 34, 16, '2022-11-28 21:18:43', '2', '0', NULL, 0),
(935, 35, 16, '2022-11-28 21:19:13', '1', '2', NULL, 0),
(936, 36, 16, '2022-11-28 21:20:13', '1', '2', NULL, 1),
(937, 33, 3, '2022-11-28 21:40:46', '3', '1', NULL, 1),
(938, 34, 3, '2022-11-28 21:41:53', '1', '2', NULL, 3),
(939, 35, 3, '2022-11-28 21:42:04', '0', '3', NULL, 1),
(940, 36, 3, '2022-11-28 21:42:11', '2', '1', NULL, 1),
(941, 34, 19, '2022-11-28 22:26:53', '1', '1', NULL, 1),
(942, 33, 19, '2022-11-28 22:29:28', '3', '0', NULL, 2),
(943, 36, 19, '2022-11-28 22:32:26', '1', '2', NULL, 1),
(944, 35, 19, '2022-11-28 22:35:03', '0', '3', NULL, 1),
(945, 33, 29, '2022-11-28 23:26:22', '2', '1', NULL, 2),
(946, 34, 29, '2022-11-28 23:26:49', '1', '3', NULL, 2),
(947, 35, 29, '2022-11-28 23:27:20', '1', '1', NULL, 1),
(948, 36, 29, '2022-11-28 23:27:52', '1', '0', NULL, 0),
(949, 33, 2, '2022-11-28 23:46:19', '4', '0', NULL, 2),
(950, 34, 2, '2022-11-28 23:47:16', '2', '1', NULL, 0),
(951, 33, 1, '2022-11-29 00:22:03', '3', '0', NULL, 2),
(952, 34, 1, '2022-11-29 00:22:18', '1', '1', NULL, 1),
(953, 33, 4, '2022-11-29 07:41:39', '2', '0', NULL, 3),
(954, 34, 4, '2022-11-29 07:42:42', '2', '0', NULL, 0),
(955, 35, 4, '2022-11-29 07:43:02', '1', '3', NULL, 0),
(956, 36, 4, '2022-11-29 07:43:15', '0', '2', NULL, 2),
(957, 33, 21, '2022-11-29 10:28:41', '2', '0', NULL, 3),
(958, 34, 21, '2022-11-29 10:28:57', '2', '1', NULL, 0),
(959, 35, 21, '2022-11-29 10:29:10', '0', '2', NULL, 1),
(960, 36, 21, '2022-11-29 10:29:19', '1', '1', NULL, 1),
(961, 37, 21, '2022-11-29 10:29:36', '0', '0', NULL, 1),
(962, 37, 8, '2022-11-29 15:44:18', '0', '1', NULL, 0),
(963, 38, 8, '2022-11-29 15:44:30', '1', '2', NULL, 1),
(964, 39, 8, '2022-11-29 15:44:42', '1', '2', NULL, 2),
(965, 40, 8, '2022-11-29 15:44:48', '0', '1', NULL, 1),
(966, 41, 8, '2022-11-29 15:44:55', '0', '1', NULL, NULL),
(967, 42, 8, '2022-11-29 15:45:05', '1', '2', NULL, NULL),
(968, 44, 8, '2022-11-29 15:45:12', '3', '0', NULL, NULL),
(969, 45, 8, '2022-11-29 15:45:20', '0', '1', NULL, NULL),
(970, 46, 8, '2022-11-29 15:45:28', '1', '3', NULL, NULL),
(971, 47, 8, '2022-11-29 15:47:09', '1', '1', NULL, NULL),
(972, 48, 8, '2022-11-29 15:47:18', '0', '2', NULL, NULL),
(973, 36, 15, '2022-11-29 16:01:22', '0', '2', NULL, 2),
(974, 35, 2, '2022-11-29 17:24:39', '0', '2', NULL, 1),
(975, 36, 2, '2022-11-29 17:25:05', '1', '1', NULL, 1),
(976, 35, 1, '2022-11-29 13:25:28', '1', '2', NULL, 0),
(977, 36, 1, '2022-11-29 13:26:17', '1', '1', NULL, 1),
(978, 38, 16, '2022-11-29 20:46:20', '1', '2', NULL, 1),
(979, 37, 16, '2022-11-29 20:47:14', '2', '1', NULL, 1),
(980, 39, 16, '2022-11-29 20:47:27', '0', '3', NULL, 2),
(981, 40, 16, '2022-11-29 20:47:55', '1', '2', NULL, 3),
(982, 37, 3, '2022-11-29 20:53:54', '1', '2', NULL, 1),
(983, 38, 3, '2022-11-29 20:54:16', '1', '3', NULL, 1),
(984, 39, 3, '2022-11-29 20:54:31', '0', '2', NULL, 3),
(985, 40, 3, '2022-11-29 20:54:42', '1', '2', NULL, 3),
(986, 41, 38, '2022-11-29 21:41:07', '3', '1', NULL, NULL),
(987, 42, 38, '2022-11-29 21:41:36', '0', '2', NULL, NULL),
(988, 43, 38, '2022-11-29 21:42:09', '1', '3', NULL, NULL),
(989, 37, 29, '2022-11-29 21:43:06', '1', '3', NULL, 1),
(990, 37, 19, '2022-11-29 23:26:10', '1', '2', NULL, 1),
(991, 38, 19, '2022-11-29 23:30:09', '0', '3', NULL, 0),
(992, 39, 19, '2022-11-29 23:34:32', '0', '2', NULL, 3),
(993, 38, 22, '2022-11-30 03:27:19', '1', '2', NULL, 1),
(994, 39, 22, '2022-11-30 03:27:36', '1', '1', NULL, 0),
(995, 40, 22, '2022-11-30 03:28:21', '1', '2', NULL, 3),
(996, 37, 4, '2022-11-30 06:06:41', '1', '0', NULL, 3),
(997, 38, 4, '2022-11-30 06:06:54', '0', '3', NULL, 0),
(998, 37, 15, '2022-11-30 06:07:21', '0', '2', NULL, 0),
(999, 38, 15, '2022-11-30 06:07:34', '0', '3', NULL, 0),
(1000, 39, 4, '2022-11-30 06:07:34', '1', '2', NULL, 2),
(1001, 40, 4, '2022-11-30 06:07:44', '1', '2', NULL, 3),
(1002, 39, 15, '2022-11-30 06:07:51', '1', '1', NULL, 0),
(1003, 40, 15, '2022-11-30 06:08:35', '0', '2', NULL, 2),
(1004, 37, 12, '2022-11-30 07:45:46', '0', '2', NULL, 0),
(1005, 38, 12, '2022-11-30 07:45:53', '0', '3', NULL, 0),
(1006, 39, 12, '2022-11-30 07:46:02', '1', '2', NULL, 2),
(1007, 40, 12, '2022-11-30 07:46:13', '1', '1', NULL, 1),
(1008, 38, 21, '2022-11-30 11:00:03', '0', '3', NULL, 0),
(1009, 39, 21, '2022-11-30 11:00:14', '1', '3', NULL, 1),
(1010, 40, 21, '2022-11-30 11:02:32', '2', '2', NULL, 1),
(1011, 44, 38, '2022-11-30 12:11:21', '2', '0', NULL, NULL),
(1012, 45, 38, '2022-11-30 12:13:01', '3', '2', NULL, NULL),
(1013, 46, 38, '2022-11-30 12:13:16', '1', '3', NULL, NULL),
(1014, 47, 38, '2022-11-30 12:15:12', '1', '3', NULL, NULL),
(1015, 48, 38, '2022-11-30 12:15:22', '0', '2', NULL, NULL),
(1016, 39, 1, '2022-11-30 13:31:45', '0', '2', NULL, 3),
(1017, 40, 1, '2022-11-30 13:32:12', '0', '1', NULL, 1),
(1018, 37, 1, '2022-11-30 13:36:03', '0', '1', NULL, 0),
(1019, 38, 1, '2022-11-30 13:36:11', '0', '2', NULL, 0),
(1020, 41, 22, '2022-11-30 14:03:22', '2', '1', NULL, NULL),
(1021, 42, 22, '2022-11-30 14:04:22', '2', '2', NULL, NULL),
(1022, 43, 22, '2022-11-30 14:04:41', '1', '3', NULL, NULL),
(1023, 44, 22, '2022-11-30 14:04:56', '4', '0', NULL, NULL),
(1024, 37, 2, '2022-11-30 14:59:44', '0', '2', NULL, 0),
(1025, 38, 2, '2022-11-30 14:59:44', '0', '2', NULL, 0),
(1026, 39, 2, '2022-11-30 15:09:21', '0', '2', NULL, 3),
(1027, 40, 2, '2022-11-30 15:10:24', '0', '1', NULL, 1),
(1028, 40, 19, '2022-11-30 15:49:51', '1', '0', NULL, 1),
(1029, 39, 29, '2022-11-30 18:04:54', '1', '3', NULL, 1),
(1030, 40, 29, '2022-11-30 18:05:06', '2', '1', NULL, 0),
(1031, 42, 30, '2022-11-30 18:58:03', '1', '0', NULL, NULL),
(1032, 43, 30, '2022-11-30 18:58:11', '0', '2', NULL, NULL),
(1033, 44, 30, '2022-11-30 18:58:20', '2', '0', NULL, NULL),
(1034, 45, 30, '2022-11-30 18:58:29', '1', '0', NULL, NULL),
(1035, 46, 30, '2022-11-30 18:58:35', '0', '1', NULL, NULL),
(1036, 47, 30, '2022-11-30 18:58:42', '0', '2', NULL, NULL),
(1037, 48, 30, '2022-11-30 18:58:50', '3', '0', NULL, NULL),
(1038, 41, 29, '2022-11-30 21:08:12', '2', '1', NULL, NULL),
(1039, 42, 29, '2022-11-30 21:08:35', '0', '2', NULL, NULL),
(1040, 43, 29, '2022-11-30 21:08:48', '1', '3', NULL, NULL),
(1041, 44, 29, '2022-11-30 21:09:14', '2', '0', NULL, NULL),
(1042, 41, 3, '2022-11-30 21:12:05', '2', '1', NULL, NULL),
(1043, 42, 3, '2022-11-30 21:12:15', '1', '1', NULL, NULL),
(1044, 43, 3, '2022-11-30 21:12:22', '1', '3', NULL, NULL),
(1045, 44, 3, '2022-11-30 21:12:36', '4', '1', NULL, NULL),
(1046, 41, 45, '2022-11-30 23:07:13', '2', '1', NULL, NULL),
(1047, 42, 45, '2022-11-30 23:07:28', '1', '0', NULL, NULL),
(1048, 43, 45, '2022-11-30 23:07:38', '2', '3', NULL, NULL),
(1049, 44, 45, '2022-11-30 23:07:48', '4', '2', NULL, NULL),
(1050, 45, 45, '2022-11-30 23:08:14', '1', '5', NULL, NULL),
(1051, 46, 45, '2022-11-30 23:08:24', '1', '4', NULL, NULL),
(1052, 47, 45, '2022-11-30 23:08:31', '1', '2', NULL, NULL),
(1053, 48, 45, '2022-11-30 23:08:48', '1', '5', NULL, NULL),
(1054, 41, 19, '2022-11-30 23:51:38', '2', '1', NULL, NULL),
(1055, 42, 19, '2022-11-30 23:52:43', '0', '1', NULL, NULL),
(1056, 41, 16, '2022-12-01 07:32:35', '1', '2', NULL, NULL),
(1057, 42, 16, '2022-12-01 07:32:42', '0', '2', NULL, NULL),
(1058, 43, 16, '2022-12-01 07:33:47', '1', '2', NULL, NULL),
(1059, 43, 16, '2022-12-01 07:34:10', '1', '2', NULL, NULL),
(1060, 43, 16, '2022-12-01 07:34:12', '1', '2', NULL, NULL),
(1061, 43, 16, '2022-12-01 07:34:12', '1', '2', NULL, NULL),
(1062, 44, 16, '2022-12-01 07:39:16', '3', '0', NULL, NULL),
(1063, 41, 21, '2022-12-01 07:47:41', '1', '2', NULL, NULL),
(1064, 42, 21, '2022-12-01 07:47:55', '1', '2', NULL, NULL),
(1065, 43, 21, '2022-12-01 07:48:06', '1', '3', NULL, NULL),
(1066, 44, 21, '2022-12-01 07:48:17', '4', '0', NULL, NULL),
(1067, 45, 21, '2022-12-01 07:48:27', '0', '2', NULL, NULL),
(1068, 46, 21, '2022-12-01 07:48:37', '0', '3', NULL, NULL),
(1069, 47, 21, '2022-12-01 07:48:45', '1', '1', NULL, NULL),
(1070, 48, 21, '2022-12-01 07:48:53', '0', '3', NULL, NULL),
(1071, 41, 12, '2022-12-01 09:51:37', '1', '1', NULL, NULL),
(1072, 42, 12, '2022-12-01 09:52:02', '0', '2', NULL, NULL),
(1073, 43, 12, '2022-12-01 09:52:18', '1', '3', NULL, NULL),
(1074, 44, 12, '2022-12-01 09:52:32', '3', '1', NULL, NULL),
(1075, 49, 9, '2022-12-01 10:50:48', '2', '1', NULL, 6),
(1076, 50, 9, '2022-12-01 10:51:12', '3', '0', NULL, NULL),
(1077, 51, 9, '2022-12-01 10:51:29', '2', '0', NULL, NULL),
(1078, 52, 9, '2022-12-01 10:51:49', '1', '0', NULL, NULL),
(1079, 50, 1, '2022-12-02 17:42:38', '1', '1', 2, NULL);

-- --------------------------------------------------------

--
-- Estructura de tabla para la tabla `apuestas_clasificacion`
--

DROP TABLE IF EXISTS `apuestas_clasificacion`;
CREATE TABLE IF NOT EXISTS `apuestas_clasificacion` (
  `id_persona` int(4) NOT NULL,
  `fecha` timestamp NOT NULL DEFAULT CURRENT_TIMESTAMP,
  `puesto_1` int(4) DEFAULT NULL,
  `puesto_2` int(4) DEFAULT NULL,
  `puesto_3` int(4) DEFAULT NULL,
  `puesto_4` int(4) DEFAULT NULL,
  `puntuacion` int(2) DEFAULT NULL,
  PRIMARY KEY (`id_persona`),
  KEY `puesto_1_apuestas_clasificacion_fk` (`puesto_1`),
  KEY `puesto_2_apuestas_clasificacion_fk` (`puesto_2`),
  KEY `puesto_3_apuestas_clasificacion_fk` (`puesto_3`),
  KEY `puesto_4_apuestas_clasificacion_fk` (`puesto_4`)
) ENGINE=InnoDB DEFAULT CHARSET=latin1;

--
-- Volcado de datos para la tabla `apuestas_clasificacion`
--

INSERT INTO `apuestas_clasificacion` (`id_persona`, `fecha`, `puesto_1`, `puesto_2`, `puesto_3`, `puesto_4`, `puntuacion`) VALUES
(1, '2022-11-19 14:56:00', 25, 5, 9, 17, 1),
(2, '2022-11-19 14:56:00', 25, 5, 9, 17, 1),
(3, '2022-11-19 14:56:00', 29, 25, 9, 19, 1),
(4, '2022-11-19 14:56:00', 9, 13, 5, 19, 37),
(5, '2022-11-19 23:44:12', 17, 9, 13, 29, 2),
(7, '2022-11-20 14:06:55', 17, 9, 25, 13, 2),
(8, '2022-11-19 14:56:00', 17, 19, 25, 9, 1),
(9, '2022-11-19 15:09:51', 17, 9, 13, 29, 2),
(10, '2022-11-19 15:29:23', 25, 9, 17, 5, 1),
(11, '2022-11-19 16:45:13', 9, 25, 13, 17, 22),
(12, '2022-11-19 18:09:31', 25, 9, 13, 21, 2),
(14, '2022-11-19 20:52:49', 9, 25, 17, 21, 21),
(15, '2022-11-19 20:51:08', 19, 13, 12, 24, 17),
(16, '2022-11-19 21:22:50', 9, 13, 17, 29, 37),
(17, '2022-11-19 21:23:49', 21, 9, 25, 17, 1),
(18, '2022-11-19 21:34:18', 9, 25, 5, 13, 22),
(19, '2022-11-19 22:14:37', 9, 19, 25, 17, 21),
(20, '2022-11-19 23:17:18', 29, 13, 25, 17, 16),
(21, '2022-11-19 23:28:35', 9, 25, 17, 13, 22),
(22, '2022-11-20 11:32:19', 4, 5, 25, 19, 0),
(23, '2022-11-20 11:36:58', 17, 25, 9, 13, 2),
(25, '2022-11-20 12:52:08', 29, 9, 25, 19, 1),
(26, '2022-11-20 13:06:58', 13, 9, 25, 24, 3),
(27, '2022-11-20 15:25:59', 24, 13, 9, 17, 18),
(29, '2022-11-20 14:10:42', 17, 5, 25, 9, 1),
(30, '2022-11-20 14:38:08', 17, 19, 13, 29, 1),
(31, '2022-11-20 15:25:59', 9, 21, 19, 13, 22),
(32, '2022-11-20 15:06:28', 17, 25, 19, 1, 0);

-- --------------------------------------------------------

--
-- Estructura de tabla para la tabla `paises`
--

DROP TABLE IF EXISTS `paises`;
CREATE TABLE IF NOT EXISTS `paises` (
  `id` int(4) NOT NULL AUTO_INCREMENT,
  `nombre` varchar(30) NOT NULL,
  `abreviatura` varchar(10) NOT NULL DEFAULT '5db8f65c',
  `grupo` varchar(1) NOT NULL,
  `partidos_jugados` int(3) NOT NULL DEFAULT '0',
  `ganados` int(3) NOT NULL DEFAULT '0',
  `perdidos` int(3) NOT NULL DEFAULT '0',
  `empates` int(3) NOT NULL DEFAULT '0',
  `goles_a_favor` int(3) NOT NULL DEFAULT '0',
  `goles_en_contra` int(3) NOT NULL DEFAULT '0',
  `puntos` int(3) NOT NULL DEFAULT '0',
  PRIMARY KEY (`id`)
) ENGINE=InnoDB AUTO_INCREMENT=33 DEFAULT CHARSET=utf8mb4;

--
-- Volcado de datos para la tabla `paises`
--

INSERT INTO `paises` (`id`, `nombre`, `abreviatura`, `grupo`, `partidos_jugados`, `ganados`, `perdidos`, `empates`, `goles_a_favor`, `goles_en_contra`, `puntos`) VALUES
(1, 'Qatar', 'QAT', 'A', 0, 0, 0, 0, 0, 0, 0),
(2, 'Ecuador', 'ECU', 'A', 0, 0, 0, 0, 0, 0, 0),
(3, 'Senegal', 'SEN', 'A', 0, 0, 0, 0, 0, 0, 0),
(4, 'Países Bajos', 'NED', 'A', 0, 0, 0, 0, 0, 0, 0),
(5, 'Inglaterra', 'ENG', 'B', 0, 0, 0, 0, 0, 0, 0),
(6, 'Irán', 'IRN', 'B', 0, 0, 0, 0, 0, 0, 0),
(7, 'Estados Unidos', 'USA', 'B', 0, 0, 0, 0, 0, 0, 0),
(8, 'Gales', 'WAL', 'B', 0, 0, 0, 0, 0, 0, 0),
(9, 'Argentina', 'ARG', 'C', 0, 0, 0, 0, 0, 0, 0),
(10, 'Arabia Saudí', 'KSA', 'C', 0, 0, 0, 0, 0, 0, 0),
(11, 'México', 'MEX', 'C', 0, 0, 0, 0, 0, 0, 0),
(12, 'Polonia', 'POL', 'C', 0, 0, 0, 0, 0, 0, 0),
(13, 'Francia', 'FRA', 'D', 0, 0, 0, 0, 0, 0, 0),
(14, 'Australia', 'AUS', 'D', 0, 0, 0, 0, 0, 0, 0),
(15, 'Dinamarca', 'DEN', 'D', 0, 0, 0, 0, 0, 0, 0),
(16, 'Túnez', 'TUN', 'D', 0, 0, 0, 0, 0, 0, 0),
(17, 'España', 'ESP', 'E', 0, 0, 0, 0, 0, 0, 0),
(18, 'Costa Rica', 'CRC', 'E', 0, 0, 0, 0, 0, 0, 0),
(19, 'Alemania', 'GER', 'E', 0, 0, 0, 0, 0, 0, 0),
(20, 'Japón', 'JPN', 'E', 0, 0, 0, 0, 0, 0, 0),
(21, 'Bélgica', 'BEL', 'F', 0, 0, 0, 0, 0, 0, 0),
(22, 'Canadá', 'CAN', 'F', 0, 0, 0, 0, 0, 0, 0),
(23, 'Marruecos', 'MAR', 'F', 0, 0, 0, 0, 0, 0, 0),
(24, 'Croacia', 'CRO', 'F', 0, 0, 0, 0, 0, 0, 0),
(25, 'Brasil', 'BRA', 'G', 0, 0, 0, 0, 0, 0, 0),
(26, 'Serbia', 'SRB', 'G', 0, 0, 0, 0, 0, 0, 0),
(27, 'Suiza', 'SUI', 'G', 0, 0, 0, 0, 0, 0, 0),
(28, 'Camerún', 'CMR', 'G', 0, 0, 0, 0, 0, 0, 0),
(29, 'Portugal', 'POR', 'H', 0, 0, 0, 0, 0, 0, 0),
(30, 'Ghana', 'GHA', 'H', 0, 0, 0, 0, 0, 0, 0),
(31, 'Uruguay', 'URU', 'H', 0, 0, 0, 0, 0, 0, 0),
(32, 'República de Corea', 'KOR', 'H', 0, 0, 0, 0, 0, 0, 0);

-- --------------------------------------------------------

--
-- Estructura de tabla para la tabla `partidos`
--

DROP TABLE IF EXISTS `partidos`;
CREATE TABLE IF NOT EXISTS `partidos` (
  `id` int(4) NOT NULL AUTO_INCREMENT,
  `fecha` datetime NOT NULL,
  `id_pais_1` int(4) NOT NULL,
  `id_pais_2` int(4) NOT NULL,
  `resultado_1` int(2) DEFAULT NULL,
  `resultado_2` int(2) DEFAULT NULL,
  `ganador` int(11) DEFAULT NULL,
  `faseGrupos` bigint(1) NOT NULL DEFAULT '1',
  PRIMARY KEY (`id`),
  KEY `pais_1_partido_fk` (`id_pais_1`),
  KEY `pais_2_partido_fk` (`id_pais_2`)
) ENGINE=InnoDB AUTO_INCREMENT=53 DEFAULT CHARSET=utf8mb4;

--
-- Volcado de datos para la tabla `partidos`
--

INSERT INTO `partidos` (`id`, `fecha`, `id_pais_1`, `id_pais_2`, `resultado_1`, `resultado_2`, `ganador`, `faseGrupos`) VALUES
(1, '2024-03-20 17:00:00', 1, 2, 0, 2, NULL, 1),
(2, '2024-03-21 14:00:00', 5, 6, 6, 2, NULL, 1),
(3, '2024-03-21 17:00:00', 3, 4, 0, 2, NULL, 1),
(4, '2024-03-21 20:00:00', 7, 8, 1, 1, NULL, 1),
(5, '2024-03-22 11:00:00', 9, 10, 1, 2, NULL, 1),
(6, '2024-03-22 14:00:00', 15, 16, 0, 0, NULL, 1),
(7, '2024-03-22 17:00:00', 11, 12, 0, 0, NULL, 1),
(8, '2024-03-22 20:00:00', 13, 14, 4, 1, NULL, 1),
(9, '2024-03-23 11:00:00', 23, 24, 0, 0, NULL, 1),
(10, '2024-03-23 14:00:00', 19, 20, 1, 2, NULL, 1),
(11, '2024-03-23 17:00:00', 17, 18, 7, 0, NULL, 1),
(12, '2024-03-23 20:00:00', 21, 22, 1, 0, NULL, 1),
(13, '2024-03-24 11:00:00', 27, 28, 1, 0, NULL, 1),
(14, '2024-03-24 14:00:00', 31, 32, 0, 0, NULL, 1),
(15, '2024-03-24 17:00:00', 29, 30, 3, 2, NULL, 1),
(16, '2024-03-24 20:00:00', 25, 26, 2, 0, NULL, 1),
(17, '2024-03-25 11:00:00', 8, 6, 0, 2, NULL, 1),
(18, '2024-03-25 14:00:00', 1, 3, 1, 3, NULL, 1),
(19, '2024-03-25 17:00:00', 4, 2, 1, 1, NULL, 1),
(20, '2024-03-25 20:00:00', 5, 7, 0, 0, NULL, 1),
(21, '2024-03-26 11:00:00', 16, 14, 0, 1, NULL, 1),
(22, '2024-03-26 14:00:00', 12, 10, 2, 0, NULL, 1),
(23, '2024-03-26 17:00:00', 13, 15, 2, 1, NULL, 1),
(24, '2024-03-26 20:00:00', 9, 11, 2, 0, NULL, 1),
(25, '2024-03-27 11:00:00', 20, 18, 0, 1, NULL, 1),
(26, '2024-03-27 14:00:00', 21, 23, 0, 2, NULL, 1),
(27, '2024-03-27 17:00:00', 24, 22, 4, 1, NULL, 1),
(28, '2024-03-27 20:00:00', 17, 19, 1, 1, NULL, 1),
(29, '2024-03-28 11:00:00', 28, 26, 3, 3, NULL, 1),
(30, '2024-03-28 14:00:00', 32, 30, 2, 3, NULL, 1),
(31, '2024-03-28 17:00:00', 25, 27, 1, 0, NULL, 1),
(32, '2024-03-28 20:00:00', 29, 31, 2, 0, NULL, 1),
(33, '2024-03-29 16:00:00', 4, 1, 2, 0, NULL, 1),
(34, '2024-03-29 16:00:00', 2, 3, 1, 2, NULL, 1),
(35, '2024-03-29 20:00:00', 8, 5, 0, 0, 0, 1),
(36, '2024-03-29 20:00:00', 6, 7, 0, 1, NULL, 1),
(37, '2024-03-29 16:00:00', 14, 15, 1, 0, NULL, 1),
(38, '2024-03-29 16:00:00', 16, 13, 1, 0, NULL, 1),
(39, '2024-03-29 20:00:00', 12, 9, 0, 2, NULL, 1),
(40, '2024-03-29 20:00:00', 10, 11, 1, 2, NULL, 1),
(41, '2024-04-01 16:00:00', 24, 21, NULL, NULL, NULL, 1),
(42, '2024-04-01 16:00:00', 22, 23, NULL, NULL, NULL, 1),
(43, '2024-04-01 20:00:00', 20, 17, NULL, NULL, NULL, 1),
(44, '2024-04-01 20:00:00', 19, 18, NULL, NULL, NULL, 1),
(45, '2024-04-02 16:00:00', 30, 31, NULL, NULL, NULL, 1),
(46, '2024-04-02 16:00:00', 32, 29, NULL, NULL, NULL, 1),
(47, '2024-04-02 20:00:00', 26, 27, NULL, NULL, NULL, 1),
(48, '2024-04-02 20:00:00', 28, 25, NULL, NULL, NULL, 1),
(49, '2023-04-03 16:00:00', 4, 7, 2, 1, 1, 2),
(50, '2024-04-03 20:00:00', 9, 14, NULL, NULL, NULL, 2),
(51, '2024-04-04 20:00:00', 5, 3, NULL, NULL, NULL, 2),
(52, '2024-04-04 16:00:00', 13, 12, NULL, NULL, NULL, 2);

-- --------------------------------------------------------

--
-- Estructura de tabla para la tabla `personas`
--

DROP TABLE IF EXISTS `personas`;
CREATE TABLE IF NOT EXISTS `personas` (
  `id` int(4) NOT NULL AUTO_INCREMENT,
  `nombre` varchar(30) NOT NULL,
  `password` varchar(32) NOT NULL,
  `puntuacion` int(4) NOT NULL DEFAULT '0',
  `email` varchar(40) NOT NULL,
  PRIMARY KEY (`id`),
  UNIQUE KEY `UK_email` (`email`)
) ENGINE=InnoDB AUTO_INCREMENT=46 DEFAULT CHARSET=utf8mb4;

--
-- Volcado de datos para la tabla `personas`
--

INSERT INTO `personas` (`id`, `nombre`, `password`, `puntuacion`, `email`) VALUES
(1, 'MANUEL', '5f4dcc3b5aa765d61d8327deb882cf99', 43, 'manuel@gmail.com'),
(2, 'DANIEL', '152cbd575b22f43a0e7eb6d8ca19a6a8', 40, 'daniel@gmail.com'),
(3, 'PILAR', 'd81083c70742afbaa4537fefb37b101e', 52, 'pilar@gmail.com'),
(4, 'JUAN', '9464796af931185941e1591641316646', 82, 'juan@gmail.com'),
(5, 'CRISTINA', '68b7238c6fa7d2e444bdbc2282b51f12', 49, 'cristina@gmail.com'),
(6, 'RAQUEL', '159c033a3bc86fd1a7d8094c050540fa', 3, 'raquel@gmail.com'),
(7, 'FERNANDO', 'ec1ac6b25a460abfc073825d1f9ffbde', 10, 'fernando@gmail.com'),
(8, 'ALBERTO', 'd3081edda89ed814976f708e5aaa9eb1', 45, 'alberto@gmail.com'),
(9, 'PABLO', 'fc20c4d168340f7ae9dd0fca6a6c963e', 101, 'pablo@gmail.com'),
(10, 'MARIA', '8c9e5d6c4a8681825a3d404d49af99e9', 13, 'maria@gmail.com'),
(11, 'FRANCISCA', '259c7664761c02adc24e66ce70b9b28a', 52, 'francisca@gmail.com'),
(12, 'LAURA', 'dc904b0367ebeb8eb9e74ae498d2c15f', 48, 'laura@gmail.com'),
(13, 'ANTONIA', '48e92a633860fbbac3d972ea45716b18', 23, 'antonia@gmail.com'),
(14, 'LUCIA', '6d199859405ad93a30f33795c2e7a414', 42, 'lucia@gmail.com'),
(15, 'JOSE', 'aa6befe98af902a40d9333f350c41731', 68, 'jose@gmail.com'),
(16, 'ISABEL', 'b4f18790f46cfdd0378f7f3255caa481', 83, 'isabel@gmail.com'),
(17, 'ALEJANDRO', 'c298ae1476b2ebc69b7ff5379c3f0725', 26, 'alejandro@gmail.com'),
(18, 'RAFAEL', 'cb054ee8475040682ccb9fc1712b7227', 22, 'rafael@gmail.com'),
(19, 'ANTONIO', '8a365abf96b7b214c96b04f728386927', 61, 'antonio@gmail.com'),
(20, 'ENRIQUE', '33c291725f1c643127e2d102bc58cac2', 25, 'enrique@gmail.com'),
(21, 'MARTA', '6b63107461ecfdbec673393ce7aca1ec', 62, 'marta@gmail.com'),
(22, 'SARA', 'aa87ddc5b4c24406d26ddad771ef44b0', 43, 'sara@gmail.com'),
(23, 'ANA', '9bfdb9e8f14091b295bc397110c16f6a', 2, 'ana@gmail.com'),
(25, 'RAMON', '4c42ffe935f078df63b857af8a2a368c', 9, 'ramon@gmail.com'),
(26, 'PAULA', '125cd80926d4c357727dc52ebfafb1dc', 16, 'paula@gmail.com'),
(27, 'ANGEL', '09333c5316f01ae31dff8a2364a3d58e', 18, 'angel@gmail.com'),
(28, 'ANGELES', '015facd02a56cd5c1018541b3979bf04', 2, 'angeles@gmail.com'),
(29, 'JOSEFA', '6a274711802a5fa0194a45d35e39ea30', 33, 'josefa@gmail.com'),
(30, 'ANDRES', '3f425e683ed05bc6834b250bf236fad6', 42, 'andres@gmail.com'),
(31, 'TERESA', '43bb16d43ab526832cfccdd12f38cc39', 27, 'teresa@gmail.com'),
(32, 'ELENA', 'f0e00bbe5f03bd39de4c9a3c0e981188', 49, 'elena@gmail.com'),
(33, 'JAVIER', 'ec0e2603172c73a8b644bb9456c1ff6e', 3, 'javier@gmail.com'),
(34, 'JORGE', '81de809e02a69dd530fd14a66c2c27c7', 0, 'jorge@gmail.com'),
(35, 'JESUS', '6b094693e4644198e6bcef1ae72ce989', 0, 'jesus@gmail.com'),
(36, 'SERGIO', '9a4871c0c2b9c9744995e4ab3236220c', 20, 'sergio@gmail.com'),
(37, 'CARMEN', '98c687b3ecd6ad50a9e22cb05f66e42e', 29, 'carmen@gmail.com'),
(38, 'PEDRO', '9e67c46279bfc8d05a28d694ae45bee6', 24, 'pedro@gmail.com'),
(39, 'MERCEDES', 'de747c090e11e6973fb86e7d3b496af2', 21, 'mercedes@gmail.com'),
(40, 'DAVID', '286be53e3c5095a62a8c94b66aa8a321', 2, 'david@gmail.com'),
(41, 'LUIS', 'bfded25f75c3711fe5720a82ba35e2e2', 0, 'luis@gmail.com'),
(42, 'CARLOS', 'dc599a9972fde3045dab59dbd1ae170b', 29, 'carlos@gmail.com'),
(43, 'ROSA', '0158cad3b5371aa6727ba1d3c13c427c', 4, 'rosa@gmail.com'),
(44, 'FRANCISCO', 'b42faed220a9bcb5660e5fd548bd87d6', 19, 'francisco@gmail.com'),
(45, 'MIGUEL', '7aa5d23e90e22a9e83086897e0f4edb3', 0, 'miguel@gmail.com');

--
-- Restricciones para tablas volcadas
--

--
-- Filtros para la tabla `apuestas`
--
ALTER TABLE `apuestas`
  ADD CONSTRAINT `apuesta_partido_fk` FOREIGN KEY (`id_partido`) REFERENCES `partidos` (`id`),
  ADD CONSTRAINT `apuesta_persona_fk` FOREIGN KEY (`id_persona`) REFERENCES `personas` (`id`);

--
-- Filtros para la tabla `apuestas_clasificacion`
--
ALTER TABLE `apuestas_clasificacion`
  ADD CONSTRAINT `apuesta_clasificacion_persona_fk` FOREIGN KEY (`id_persona`) REFERENCES `personas` (`id`),
  ADD CONSTRAINT `puesto_1_apuestas_clasificacion_fk` FOREIGN KEY (`puesto_1`) REFERENCES `paises` (`id`),
  ADD CONSTRAINT `puesto_2_apuestas_clasificacion_fk` FOREIGN KEY (`puesto_2`) REFERENCES `paises` (`id`),
  ADD CONSTRAINT `puesto_3_apuestas_clasificacion_fk` FOREIGN KEY (`puesto_3`) REFERENCES `paises` (`id`),
  ADD CONSTRAINT `puesto_4_apuestas_clasificacion_fk` FOREIGN KEY (`puesto_4`) REFERENCES `paises` (`id`);

--
-- Filtros para la tabla `partidos`
--
ALTER TABLE `partidos`
  ADD CONSTRAINT `pais_1_partido_fk` FOREIGN KEY (`id_pais_1`) REFERENCES `paises` (`id`),
  ADD CONSTRAINT `pais_2_partido_fk` FOREIGN KEY (`id_pais_2`) REFERENCES `paises` (`id`);
COMMIT;

/*!40101 SET CHARACTER_SET_CLIENT=@OLD_CHARACTER_SET_CLIENT */;
/*!40101 SET CHARACTER_SET_RESULTS=@OLD_CHARACTER_SET_RESULTS */;
/*!40101 SET COLLATION_CONNECTION=@OLD_COLLATION_CONNECTION */;
